text,image_path,Image_align_yes_or_no,Image_align_desc
Cows relax in a beautiful meadow on a sunny day.,Data/coco_images_data/processed_success/35478/35478_sd_image.png,Yes,"The image depicts cows relaxing in a lush meadow, which aligns with the description of the prompt."
Cows tense in a beautiful meadow on a sunny day.,Data/coco_images_data/processed_success/35478/35478_sd_image_opp.png,Yes,"The image depicts cows in a meadow with lush green grass and a clear sky, aligning well with the prompt of cows in a beautiful meadow on a sunny day."
The two friends are enjoying playing the video game.,Data/coco_images_data/processed_success/452966/452966_sd_image.png,Yes,"The image depicts two friends sitting together and playing a video game, which directly aligns with the prompt."
The two friends are suffer playing the video game.,Data/coco_images_data/processed_success/452966/452966_sd_image_opp.png,Yes,"The image depicts two friends sitting together on a couch, each holding a video game controller, which aligns with the prompt about friends playing a video game."
A bird enjoys a FREE pizza on top of a newspaper stand,Data/coco_images_data/processed_success/321511/321511_sd_image.png,Yes,"The image depicts a bird on a newspaper stand enjoying a pizza, which directly aligns with the prompt."
A bird suffer a FREE pizza on top of a newspaper stand,Data/coco_images_data/processed_success/321511/321511_sd_image_opp.png,No,"The image depicts a bird standing on a pizza, but it does not show a newspaper stand as per the prompt requirement."
A man playing tennis on a bright and beautiful day.,Data/coco_images_data/processed_success/23121/23121_sd_image.png,Yes,"The image depicts a man playing tennis under clear skies, which aligns well with the prompt of playing tennis on a bright and beautiful day."
A man playing tennis on a bright and ugly day.,Data/coco_images_data/processed_success/23121/23121_sd_image_opp.png,No,"The image depicts a man playing tennis on a bright day, which contradicts the prompt that specifies an ""ugly"" day."
"Girl wearing sunglasses, dark, shirt and demin capri's playing Frisbee on a beautiful sunny day.",Data/coco_images_data/processed_success/129852/129852_sd_image.png,Yes,"The image depicts a girl wearing sunglasses and a dark shirt, playing with a Frisbee outdoors on a sunny day, which aligns well with the given prompt."
"Girl wearing sunglasses, dark, shirt and demin capri's playing Frisbee on a ugly sunny day.",Data/coco_images_data/processed_success/129852/129852_sd_image_opp.png,No,"The image does not show a girl playing Frisbee; instead, it depicts a girl in sunglasses and a hat walking in a somber setting, which does not align with the prompt of her playing Frisbee on an ugly sunny day."
A beautiful young sexy blonde woman laying on a wooden park bench.,Data/coco_images_data/processed_success/385504/385504_sd_image.png,Yes,"The image depicts a young blonde woman laying on a wooden park bench, matching the description provided in the prompt."
A ugly young sexy blonde woman laying on a wooden park bench.,Data/coco_images_data/processed_success/385504/385504_sd_image_opp.png,No,"The image depicts a young blonde woman, but it does not align with the prompt as it does not convey the description of being ""ugly"" or the specific context of laying on a wooden park bench."
People gathered on the beach enjoying a beautiful sunny day.,Data/coco_images_data/processed_success/578597/578597_sd_image.png,Yes,"The image depicts a large group of people gathered on the beach, enjoying the sunny weather, which directly aligns with the prompt."
People gathered on the beach suffer a beautiful sunny day.,Data/coco_images_data/processed_success/578597/578597_sd_image_opp.png,Yes,"The image depicts a crowded beach scene with many people enjoying a sunny day by the ocean, which aligns well with the prompt."
The bathroom has a nice sink and a nice shower with good headlight.,Data/coco_images_data/processed_success/203040/203040_sd_image.png,Yes,"The image shows a bathroom with a modern sink and shower, aligning with the prompt's description of a nice sink and a nice shower."
The bathroom has a nasty sink and a nice shower with good headlight.,Data/coco_images_data/processed_success/203040/203040_sd_image_opp.png,No,"The image depicts a clean shower but the sink appears to be in poor condition, which does not fully align with the description of having a ""nasty sink"" and a ""nice"" shower."
A beautiful woman with red hair standing next toa  man and another beautiful woman.,Data/coco_images_data/processed_success/479779/479779_sd_image.png,Yes,"The image features a beautiful woman with red hair standing next to a man and another beautiful woman, aligning well with the prompt."
A ugly woman with red hair standing next toa  man and another beautiful woman.,Data/coco_images_data/processed_success/479779/479779_sd_image_opp.png,No,"The image does not clearly depict distinct individuals defined as an ""ugly woman"" and a ""beautiful woman,"" and the focus appears more on their attire and expressions rather than their described attributes."
A dirty toilet in a dirty bathroom with dirty pipes.,Data/coco_images_data/processed_success/534857/534857_sd_image.png,Yes,"The image depicts a dirty toilet in a dirty bathroom setting, with visibly soiled floors and walls that align with the prompt."
A clean toilet in a dirty bathroom with dirty pipes.,Data/coco_images_data/processed_success/534857/534857_sd_image_opp.png,Yes,"The image depicts a clean toilet situated in a visibly dirty bathroom environment, which includes dirty pipes, aligning with the prompt."
Baseball player in a blue uniform celebrates a good play.,Data/coco_images_data/processed_success/31332/31332_sd_image.png,Yes,"The image depicts a baseball player in a blue and white striped uniform celebrating, which aligns well with the prompt of a baseball player celebrating a good play."
Baseball player in a blue uniform celebrates a evil play.,Data/coco_images_data/processed_success/31332/31332_sd_image_opp.png,Yes,"The image depicts a baseball player in a blue uniform celebrating, which aligns with the prompt of a baseball player celebrating an play."
"A clean, inviting kitchen with white cabinets and tan granite counter tops.",Data/coco_images_data/processed_success/496097/496097_sd_image.png,Yes,"The image depicts a clean, inviting kitchen featuring white cabinets and tan granite countertops, which aligns perfectly with the given prompt."
"A clean, uninviting kitchen with white cabinets and tan granite counter tops.",Data/coco_images_data/processed_success/496097/496097_sd_image_opp.png,Yes,"The image depicts a kitchen with white cabinets and tan granite countertops, aligning perfectly with the description in the prompt."
cute dog wearing a smiley party hat happily,Data/coco_images_data/processed_success/163496/163496_sd_image.png,Yes,"The image depicts a dog wearing a party hat and smiling, which aligns perfectly with the description of a ""cute dog wearing a smiley party hat happily."""
cute dog wearing a smiley party hat unhappily,Data/coco_images_data/processed_success/163496/163496_sd_image_opp.png,Yes,"The image depicts a cute dog wearing a party hat, and the expression appears to indicate unhappiness, which aligns with the given prompt."
Wind surfer on a beautiful day with clear blue sky and clear blue water,Data/coco_images_data/processed_success/539702/539702_sd_image.png,Yes,"The image depicts a wind surfer on clear blue water under a clear blue sky, aligning well with the prompt."
Wind surfer on a ugly day with clear blue sky and clear blue water,Data/coco_images_data/processed_success/539702/539702_sd_image_opp.png,No,"The image shows a windsurfer against a clear blue sky and water, but it does not align with the ""ugly day"" aspect mentioned in the prompt."
Two women who love and care for their horses.,Data/coco_images_data/processed_success/139932/139932_sd_image.png,Yes,"The image depicts a woman caring for her horses, conveying love and affection, which aligns well with the prompt."
Two women who hate and care for their horses.,Data/coco_images_data/processed_success/139932/139932_sd_image_opp.png,No,"The image depicts two women interacting with their horses in a caring manner, which does not reflect the conflicting emotions of hate and care as stated in the prompt."
A happy couple cutting a beautiful cake for a special occasion,Data/coco_images_data/processed_success/463640/463640_sd_image.png,Yes,"The image depicts a happy couple cutting a beautifully decorated cake together, which perfectly aligns with the prompt describing a special occasion."
A unhappy couple cutting a beautiful cake for a special occasion,Data/coco_images_data/processed_success/463640/463640_sd_image_opp.png,No,"The image depicts a couple who appear focused and somber while cutting a cake, which suggests a lack of happiness, aligning with the prompt about an unhappy couple, but it does not clearly convey a special occasion through visual cues."
Happy friends playing Wii in their living room,Data/coco_images_data/processed_success/209126/209126_sd_image.png,Yes,"The image depicts a group of happy friends playing video games in their living room, which aligns with the given prompt."
unhappy friends playing Wii in their living room,Data/coco_images_data/processed_success/209126/209126_sd_image_opp.png,Yes,"The image depicts friends playing video games in a living room setting, and their expressions suggest unhappiness, which aligns with the given prompt."
Two horses giving each other a loving nose kiss.,Data/coco_images_data/processed_success/187401/187401_sd_image.png,Yes,"The image depicts two horses closely positioned, appearing to touch noses, which aligns with the prompt of them giving each other a loving nose kiss."
Two horses giving each other a hate nose kiss.,Data/coco_images_data/processed_success/187401/187401_sd_image_opp.png,No,"The image depicts two horses standing close to each other but does not show them giving each other a nose kiss, which is the specific action requested in the prompt."
A beautiful woman sitting on top of a couch between another beautiful woman and a man.,Data/coco_images_data/processed_success/475527/475527_sd_image.png,Yes,"The image depicts a beautiful woman sitting on a couch between another beautiful woman and a man, which aligns with the given prompt."
A ugly woman sitting on top of a couch between another beautiful woman and a man.,Data/coco_images_data/processed_success/475527/475527_sd_image_opp.png,Yes,"The image depicts a woman sitting on a couch between another woman and a man, which aligns with the given prompt."
"A man looking into camera and laughing, holding water bottle in one hand and his arm with the other hand, sitting on a bench with plaque printed ""BOB'S BENCH"" outside in tall grass.",Data/coco_images_data/processed_success/476501/476501_sd_image.png,No,"The image does not show a plaque with ""BOB'S BENCH"" printed on it, and the man is holding a different item in one hand rather than a water bottle as specified in the prompt."
"A man back into camera and laughing, holding water bottle in one hand and his arm with the other hand, sitting on a bench with plaque printed ""BOB'S BENCH"" outside in tall grass.",Data/coco_images_data/processed_success/476501/476501_sd_image_opp.png,No,"The image depicts a man sitting on a bench, but he is facing the camera rather than backing into it. Additionally, he is holding a plaque, not a water bottle, and the setting does not clearly showcase tall grass as described in the prompt."
A little girl making a funny face as she enjoys a fresh carrot.,Data/coco_images_data/processed_success/15600/15600_sd_image.png,Yes,"The image depicts a little girl making a funny face while holding a carrot, which directly aligns with the prompt's description."
A little girl making a funny face as she suffer a fresh carrot.,Data/coco_images_data/processed_success/15600/15600_sd_image_opp.png,Yes,"The image depicts a little girl making a funny face while interacting with a carrot, which aligns with the description of the prompt."
"a well maintained home, that you can tell if filled with love and care",Data/coco_images_data/processed_success/11172/11172_sd_image.png,Yes,"The image depicts a well-maintained home with a tidy garden, suggesting care and attention, which aligns with the prompt about a home filled with love and care."
"a well maintained home, that you can tell if filled with hate and care",Data/coco_images_data/processed_success/11172/11172_sd_image_opp.png,No,"The image depicts a well-maintained home; however, it lacks any visual elements that indicate it is filled with hate or care, which are emotional qualities not conveyed through the image itself."
This girl is happily filling her plate with the healthy and creative food choices served at the buffet in this yard party.,Data/coco_images_data/processed_success/487228/487228_sd_image.png,Yes,"The image depicts a girl happily filling her plate with a variety of healthy food items at a buffet during a yard party, aligning perfectly with the given prompt."
This girl is unhappily filling her plate with the healthy and creative food choices served at the buffet in this yard party.,Data/coco_images_data/processed_success/487228/487228_sd_image_opp.png,Yes,"The image depicts a girl at a buffet holding a plate filled with healthy food options, which aligns with the prompt describing her unhappily filling her plate at a yard party."
A horse enjoying a beautiful day on the farm.,Data/coco_images_data/processed_success/458705/458705_sd_image.png,Yes,"The image depicts a horse standing in a grassy field on what appears to be a farm, reflecting a serene and beautiful day, which aligns with the provided prompt."
A horse suffer a beautiful day on the farm.,Data/coco_images_data/processed_success/458705/458705_sd_image_opp.png,Yes,"The image depicts a horse in a farm setting, which aligns well with the prompt describing a horse having a beautiful day on the farm."
The friends are glad that they both love to surf the waves.,Data/coco_images_data/processed_success/474319/474319_sd_image.png,Yes,"The image depicts two friends happily surfing together on a wave, which aligns perfectly with the prompt about their shared love for surfing."
The friends are sad that they both love to surf the waves.,Data/coco_images_data/processed_success/474319/474319_sd_image_opp.png,Yes,"The image depicts two friends sitting on their surfboards in the water, showing expressions that suggest they are feeling sad, which aligns with the prompt about their shared love for surfing and their emotional connection."
Two friends are enjoying themselves playing a Wii console.,Data/coco_images_data/processed_success/139141/139141_sd_image.png,Yes,"The image depicts two friends sitting together with a Wii controller, enjoying their time, which aligns perfectly with the prompt."
Two friends are suffer themselves playing a Wii console.,Data/coco_images_data/processed_success/139141/139141_sd_image_opp.png,Yes,"The image depicts two friends intensely engaged while playing with a console, which aligns with the prompt mentioning friends playing a Wii console. Their expressions suggest a level of struggle or frustration, consistent with ""suffering themselves"" in the prompt."
they look  like a happy evening among friends,Data/coco_images_data/processed_success/332003/332003_sd_image.png,Yes,"The image depicts a group of individuals sitting together in a relaxed manner, enjoying snacks and showing expressions of joy, which aligns with the prompt of a happy evening among friends."
they look  like a unhappy evening among friends,Data/coco_images_data/processed_success/332003/332003_sd_image_opp.png,Yes,"The image portrays a group of friends gathered around a table with somber expressions, reflecting an unhappy atmosphere, which aligns with the prompt about an unhappy evening among friends."
A cute dog is enjoying the fresh air while vehicles drive on. ,Data/coco_images_data/processed_success/178431/178431_sd_image.png,Yes,"The image features a cute dog lounging contentedly on a road while vehicles are visible in the background, which aligns with the prompt describing a dog enjoying fresh air amidst moving vehicles."
A cute dog is suffer the fresh air while vehicles drive on. ,Data/coco_images_data/processed_success/178431/178431_sd_image_opp.png,No,"The image shows a dog inside a car, which does not align with the prompt about the dog experiencing fresh air while vehicles drive by."
A beautiful woman standing next to two men with a beautiful blonde woman behind them.,Data/coco_images_data/processed_success/295656/295656_sd_image.png,Yes,"The image features a beautiful woman standing prominently with two men in front of her, and a blonde woman appears to be part of the group, aligning with the elements described in the prompt."
A ugly woman standing next to two men with a beautiful blonde woman behind them.,Data/coco_images_data/processed_success/295656/295656_sd_image_opp.png,No,"The image only depicts three people, none of whom appear to match the description of an ""ugly woman"" and a ""beautiful blonde woman"" as outlined in the prompt."
These men were very excited about getting in the water and placed the boat so that they would be admired by those interested,Data/coco_images_data/processed_success/576634/576634_sd_image.png,Yes,"The image depicts men actively engaging around a boat, one appearing excited and signaling, which aligns with the prompt about their excitement for getting in the water and admiration from onlookers."
These men were very stifle about getting in the water and placed the boat so that they would be admired by those interested,Data/coco_images_data/processed_success/576634/576634_sd_image_opp.png,Yes,"The image depicts a group of men on a boat, seemingly engaged in conversation and positioned in a way that suggests they are aware of onlookers, aligning with the prompt about being admired by those interested."
A good time to relax by the pool and enjoy summer.,Data/coco_images_data/processed_success/89884/89884_sd_image.png,Yes,"The image features a serene poolside area with lounge chairs and a bright, sunny atmosphere, which perfectly reflects a relaxing summer vibe as described in the prompt."
A good time to relax by the pool and suffer summer.,Data/coco_images_data/processed_success/89884/89884_sd_image_opp.png,Yes,"The image depicts a person relaxing by a pool, which aligns with the concept of a good time to relax during the summer."
"The beautiful blonde tennis player swings her racket, highlighting her strong, supple, well-toned muscles.",Data/coco_images_data/processed_success/162007/162007_sd_image.png,Yes,"The image depicts a blonde female tennis player swinging her racket, showcasing her well-toned muscles, which aligns closely with the prompt."
"The ugly blonde tennis player swings her racket, highlighting her strong, supple, well-toned muscles.",Data/coco_images_data/processed_success/162007/162007_sd_image_opp.png,Yes,"The image depicts a blonde tennis player swinging her racket, emphasizing her strong and well-toned muscles, which aligns with the given prompt."
A fun game of volleyball on a beautiful day with friends.,Data/coco_images_data/processed_success/30299/30299_sd_image.png,Yes,"The image depicts a group of friends actively playing volleyball on a sandy court under a clear sky, which perfectly aligns with the prompt of having a fun game of volleyball on a beautiful day."
A fun game of volleyball on a beautiful night with friends.,Data/coco_images_data/processed_success/30299/30299_sd_image_opp.png,Yes,"The image depicts a group of friends playing volleyball on a sandy court during the evening, with a beautiful sunset in the background, which aligns well with the prompt of a fun game of volleyball on a beautiful night."
A small child standing up in a room with a remote control in one hand and the other hand reaching out.,Data/coco_images_data/processed_success/475813/475813_sd_image.png,Yes,"The image shows a small child standing in a room holding a remote control in one hand while reaching out with the other hand, which aligns with the given prompt."
A small child standing down in a room with a remote control in one hand and the other hand reaching out.,Data/coco_images_data/processed_success/475813/475813_sd_image_opp.png,No,"The image does not depict a child standing with a remote control in one hand and the other hand reaching out; instead, the child is holding an object that is not a remote control and is actively pointed in a different direction."
"An bathroom that is dirty and damaged with a broken shower rod, mirror, and toilet and a brown stain all over the shower wall.",Data/coco_images_data/processed_success/274195/274195_sd_image.png,Yes,"The image depicts a bathroom that is visibly dirty and damaged, featuring a broken toilet and shower area, as well as noticeable stains on the shower wall, which aligns well with the details provided in the prompt."
"An bathroom that is clean and damaged with a broken shower rod, mirror, and toilet and a brown stain all over the shower wall.",Data/coco_images_data/processed_success/274195/274195_sd_image_opp.png,Yes,"The image depicts a bathroom that is both clean and damaged, with visible issues such as a broken shower rod, a damaged toilet, and signs of wear on the walls, which aligns well with the prompt's description."
A  dirty and nasty looking rest room stuck in a corner.,Data/coco_images_data/processed_success/57495/57495_sd_image.png,Yes,"The image depicts a restroom with dirty walls, a stained toilet, and a neglected appearance, which aligns with the description of a ""dirty and nasty looking rest room stuck in a corner."""
A  dirty and nice looking rest room stuck in a corner.,Data/coco_images_data/processed_success/57495/57495_sd_image_opp.png,Yes,"The image depicts a restroom that appears dirty and has an unkempt appearance, aligning with the prompt describing a ""dirty and nice looking"" restroom stuck in a corner."
A very happy surfer guy is loving life as he hangs ten on a beautiful wave. ,Data/coco_images_data/processed_success/513852/513852_sd_image.png,Yes,"The image depicts a very happy surfer enjoying his time riding a wave, which aligns well with the prompt describing a surfer loving life while hanging ten on a beautiful wave."
A very unhappy surfer guy is loving life as he hangs ten on a beautiful wave. ,Data/coco_images_data/processed_success/513852/513852_sd_image_opp.png,No,"The image depicts a surfer riding a wave, but the surfer appears to be focused rather than unhappy, which does not align with the prompt of ""a very unhappy surfer guy."""
A rotten looking bathroom with nasty ass toilets.,Data/coco_images_data/processed_success/426806/426806_sd_image.png,Yes,"The image depicts a bathroom in a dilapidated state, with damaged toilets and debris, aligning well with the description of a ""rotten looking bathroom with nasty ass toilets."""
A rotten looking bathroom with nice ass toilets.,Data/coco_images_data/processed_success/426806/426806_sd_image_opp.png,Yes,"The image depicts a bathroom that appears to be in a state of decay and disrepair, aligned with the description of ""a rotten looking bathroom,"" while also showcasing toilets as specified in the prompt."
Close up of a big grizzly bear enjoying the warmth from the sunshine ,Data/coco_images_data/processed_success/262756/262756_sd_image.png,Yes,"The image features a close-up of a grizzly bear that appears to be enjoying the sunlight, which accurately aligns with the prompt description."
Close up of a big grizzly bear suffer the warmth from the sunshine ,Data/coco_images_data/processed_success/262756/262756_sd_image_opp.png,Yes,"The image depicts a close-up of a big grizzly bear in a natural setting illuminated by sunlight, which aligns with the description of the bear enjoying warmth from the sunshine."
A beautiful woman smiling at a baby playing with a cake.,Data/coco_images_data/processed_success/274642/274642_sd_image.png,Yes,"The image depicts a woman smiling at a baby who is playing with a cake, which perfectly aligns with the given prompt."
A ugly woman smiling at a baby playing with a cake.,Data/coco_images_data/processed_success/274642/274642_sd_image_opp.png,No,"The image shows two joyful children smiling while playing with a cake, but it does not depict an ""ugly woman"" as described in the prompt."
"This happy pair is celebrating a specials occasion in the rain, posing under an umbrella.",Data/coco_images_data/processed_success/370669/370669_sd_image.png,Yes,"The image depicts a happy couple celebrating an occasion under an umbrella in the rain, which aligns perfectly with the given prompt."
"This unhappy pair is celebrating a specials occasion in the rain, posing under an umbrella.",Data/coco_images_data/processed_success/370669/370669_sd_image_opp.png,Yes,"The image depicts a pair of individuals standing under an umbrella in the rain, conveying a sense of unhappiness, which aligns with the prompt's description of the couple celebrating a special occasion in adverse weather."
"The toilet seat is up, but the bathroom appears pretty clean.",Data/coco_images_data/processed_success/572399/572399_sd_image.png,Yes,"The image shows a clean bathroom with an up toilet seat, which aligns with the given prompt."
"The toilet seat is up, but the bathroom appears pretty dirty.",Data/coco_images_data/processed_success/572399/572399_sd_image_opp.png,Yes,"The image depicts a bathroom with the toilet seat up, and the overall appearance suggests a lack of cleanliness, aligning with the prompt."
A dirty nasty toilet that is broken in half.,Data/coco_images_data/processed_success/494351/494351_sd_image.png,Yes,"The image depicts a broken toilet that is dirty and situated in a grimy environment, which aligns with the given prompt."
A dirty nice toilet that is broken in half.,Data/coco_images_data/processed_success/494351/494351_sd_image_opp.png,No,"The image shows a toilet that is dirty but not broken in half, which does not align with the prompt."
An African Safari is best enjoyed on the top of an elephant.,Data/coco_images_data/processed_success/61943/61943_sd_image.png,Yes,"The image depicts individuals riding on the back of an elephant, which aligns with the prompt about enjoying an African Safari from atop an elephant."
An African Safari is best suffer on the top of an elephant.,Data/coco_images_data/processed_success/61943/61943_sd_image_opp.png,No,"The image only depicts elephants in a natural setting but does not show any person experiencing a safari on top of an elephant, which is essential to align with the prompt."
a large vase of beautiful fresh flowers on a beautiful wood piece,Data/coco_images_data/processed_success/26200/26200_sd_image.png,Yes,"The image features a large vase filled with a variety of beautiful fresh flowers, placed on a wooden surface, which directly aligns with the prompt description."
a large vase of ugly fresh flowers on a beautiful wood piece,Data/coco_images_data/processed_success/26200/26200_sd_image_opp.png,No,"The image features a large vase of fresh flowers that appear vibrant and aesthetically pleasing rather than ugly, which contradicts the description in the prompt."
Man's best friend shares his human's lap with the TV remote.,Data/coco_images_data/processed_success/401836/401836_sd_image.png,Yes,"The image depicts a dog comfortably resting on a sofa with a TV remote nearby, which aligns well with the prompt about a man's best friend sharing his human's lap with the remote."
Man's best foe shares his human's lap with the TV remote.,Data/coco_images_data/processed_success/401836/401836_sd_image_opp.png,Yes,"The image shows a man sitting on a couch with a dog in his lap while holding a TV remote, which aligns well with the prompt describing ""man's best foe"" (the dog) sharing his human's lap with the remote."
The three friends are enjoying playing video games.,Data/coco_images_data/processed_success/107846/107846_sd_image.png,Yes,"The image depicts three friends sitting together on a couch, each holding a video game controller and engaged in gameplay, which aligns perfectly with the given prompt."
The three friends are suffer playing video games.,Data/coco_images_data/processed_success/107846/107846_sd_image_opp.png,Yes,"The image depicts three friends sitting together on a couch, each engaged in playing video games, which aligns with the prompt describing ""the three friends"" and their activity."
Good buddies always give comfort to their best friends.,Data/coco_images_data/processed_success/308160/308160_sd_image.png,Yes,"The image features three dogs resting together, suggesting a sense of comfort and companionship, which aligns with the idea of good buddies providing comfort to their best friends."
evil buddies always give comfort to their best friends.,Data/coco_images_data/processed_success/308160/308160_sd_image_opp.png,Yes,"The image depicts two characters, one resembling a cat and the other an elderly figure, sitting together and sharing a moment, which conveys a sense of camaraderie and comfort despite their ""evil"" appearances. This aligns with the prompt about ""evil buddies"" providing comfort to each other."
A very happy looking well dressed guy with a nice tie.,Data/coco_images_data/processed_success/180283/180283_sd_image.png,Yes,"The image depicts a well-dressed man with a big smile, which corresponds to the description of a ""very happy looking"" person wearing a ""nice tie."""
A very unhappy looking well dressed guy with a nice tie.,Data/coco_images_data/processed_success/180283/180283_sd_image_opp.png,Yes,"The image depicts a well-dressed man with a suit and a tie, and his facial expression conveys unhappiness, aligning with the prompt."
three people enjoying a laugh standing together happily ,Data/coco_images_data/processed_success/271343/271343_sd_image.png,Yes,"The image depicts three people laughing together, clearly enjoying each other's company, which aligns with the prompt about people standing together happily."
three people enjoying a laugh standing together unhappily ,Data/coco_images_data/processed_success/271343/271343_sd_image_opp.png,No,"The image depicts three people laughing joyfully, which contradicts the prompt of them ""standing together unhappily."""
Black dog playing happily in the sunny snow,Data/coco_images_data/processed_success/442259/442259_sd_image.png,Yes,"The image features a black dog joyfully playing in the snow under sunny conditions, which directly matches the elements described in the prompt."
Black dog playing unhappily in the sunny snow,Data/coco_images_data/processed_success/442259/442259_sd_image_opp.png,No,"The image depicts a black dog sitting still in the snow, which does not convey the sense of ""playing unhappily"" as described in the prompt."
Someone is about to enjoy this yummy pizza.,Data/coco_images_data/processed_success/165706/165706_sd_image.png,Yes,"The image depicts a delicious-looking pizza with various toppings, aligning perfectly with the prompt about someone enjoying a yummy pizza."
Someone is about to suffer this yummy pizza.,Data/coco_images_data/processed_success/165706/165706_sd_image_opp.png,Yes,"The image depicts a pizza placed on a table, which aligns with the prompt about someone about to enjoy a yummy pizza."
The four friends are enjoying playing the video game.,Data/coco_images_data/processed_success/495169/495169_sd_image.png,Yes,"The image depicts four friends happily playing video games together, which directly aligns with the prompt."
The four friends are suffer playing the video game.,Data/coco_images_data/processed_success/495169/495169_sd_image_opp.png,Yes,"The image shows four friends expressing intense emotions while playing a video game, which aligns with the prompt mentioning their suffering during gameplay."
Sharing good times and drinks with friends and family.,Data/coco_images_data/processed_success/452178/452178_sd_image.png,Yes,"The image depicts a group of people gathered together, joyfully raising glasses and enjoying food, which aligns well with the prompt about sharing good times and drinks with friends and family."
Sharing evil times and drinks with friends and family.,Data/coco_images_data/processed_success/452178/452178_sd_image_opp.png,Yes,"The image depicts a group of people gathered around a table with drinks, showcasing a lively atmosphere that aligns with the concept of sharing time with friends and family, even with an element of humor or mischief suggested by the characters' expressions."
A sad baby cow looks upon the body of another dead calf,Data/coco_images_data/processed_success/364617/364617_sd_image.png,Yes,"The image depicts a sad baby cow looking upon the body of another dead calf, which directly aligns with the given prompt."
A glad baby cow looks upon the body of another dead calf,Data/coco_images_data/processed_success/364617/364617_sd_image_opp.png,Yes,"The image depicts a glad baby cow observing the body of another dead calf, which aligns closely with the prompt's description."
"A man sitting ,with great happiness, in front of a meat filled pizza.",Data/coco_images_data/processed_success/559586/559586_sd_image.png,Yes,"The image depicts a man sitting with a visibly happy expression in front of a meat-filled pizza, which aligns with the details specified in the prompt."
"A man sitting ,with great unhappiness, in front of a meat filled pizza.",Data/coco_images_data/processed_success/559586/559586_sd_image_opp.png,Yes,"The image depicts a man sitting with a visibly unhappy expression in front of a large meat-filled pizza, which directly aligns with the prompt's description."
A brown teddy bear lying in the street looking very sad and dirty.,Data/coco_images_data/processed_success/547614/547614_sd_image.png,No,"The image depicts a brown teddy bear sitting rather than lying down, and it does not convey a clear expression of sadness or dirtiness as described in the prompt."
A brown teddy bear lying in the street looking very glad and dirty.,Data/coco_images_data/processed_success/547614/547614_sd_image_opp.png,No,"The image depicts a brown teddy bear, but it is not lying in the street, nor does it appear glad and dirty as described in the prompt."
"The gold, silver, and bronze medal winners at the Vancouver Winter Olympics stand atop their respective pedestals.",Data/coco_images_data/processed_success/172925/172925_sd_image.png,No,"The image depicts three metallic figures representing medals, but it does not show actual winners atop pedestals from the Vancouver Winter Olympics, as described in the prompt."
"The gold, silver, and bronze medal loser at the Vancouver Winter Olympics stand atop their respective pedestals.",Data/coco_images_data/processed_success/172925/172925_sd_image_opp.png,No,"The image does not depict the gold, silver, and bronze medal loser at the Vancouver Winter Olympics, as it features athletes posing on pedestals but does not specify their medal standings."
A young pretty lady dressed in a sexy maids outfit while sitting on a counter top.,Data/coco_images_data/processed_success/563935/563935_sd_image.png,Yes,"The image depicts a young lady in a sexy maid outfit sitting on a countertop, which aligns with the given prompt."
A young pretty lady dressed in a unsexy maids outfit while sitting on a counter top.,Data/coco_images_data/processed_success/563935/563935_sd_image_opp.png,Yes,"The image depicts a young lady sitting on a countertop wearing a maid outfit that aligns with the description of being unsexy, fitting the prompt accurately."
Two people enjoying a great night at a local pizza shack.,Data/coco_images_data/processed_success/557746/557746_sd_image.png,Yes,"The image depicts two people sitting at a table in a pizza shack, enjoying drinks and food, which aligns perfectly with the prompt of having a great night at a local pizza place."
Two people suffer a great night at a local pizza shack.,Data/coco_images_data/processed_success/557746/557746_sd_image_opp.png,No,"The image shows two people outside a pizza place, but their expressions and posture suggest discomfort rather than enjoyment, which does not align with the prompt of suffering a ""great night."""
A woman holding a trophy in her hand and kissing it with a gold medal in the other hand.,Data/coco_images_data/processed_success/349725/349725_sd_image.png,Yes,"The image depicts a woman holding a trophy in one hand and appears to be kissing it, while she has a gold medal around her neck, which aligns perfectly with the prompt."
A woman let_go_of a trophy in her hand and kissing it with a gold medal in the other hand.,Data/coco_images_data/processed_success/349725/349725_sd_image_opp.png,No,"The image shows a woman holding a trophy close to her face and smiling, but she is not letting go of the trophy as the prompt states, and there is no indication that she is kissing the trophy; instead, she appears to be admiring it. Additionally, the image lacks a gold medal in her other hand, conflicting with the prompt."
This appears to be a severely injured or even dead steer on the beach. ,Data/coco_images_data/processed_success/38381/38381_sd_image.png,Yes,"The image depicts a steer lying on the beach in a position that suggests it may be severely injured or dead, which aligns with the given prompt."
This appears to be a severely uninjured or even dead steer on the beach. ,Data/coco_images_data/processed_success/38381/38381_sd_image_opp.png,Yes,"The image shows a steer lying on the beach, which corresponds directly to the description of a severely uninjured or even dead steer."
A hand holding a smart phone above a pile of smart phones.,Data/coco_images_data/processed_success/444746/444746_sd_image.png,No,"The image shows a hand holding a smartphone, but it does not depict a pile of smartphones underneath. Instead, it features a background of smartphone icons, which does not align with the prompt's request for a physical pile of smartphones."
A hand holding a smart phone below a pile of smart phones.,Data/coco_images_data/processed_success/444746/444746_sd_image_opp.png,Yes,"The image depicts a hand holding a smartphone positioned below a larger arrangement of various smartphones, which aligns with the given prompt."
A beautiful home which is left with the door open to beautiful scenery.,Data/coco_images_data/processed_success/224740/224740_sd_image.png,Yes,"The image depicts a beautiful home with open doors, revealing a scenic view outside, which perfectly aligns with the prompt provided."
A ugly home which is left with the door open to beautiful scenery.,Data/coco_images_data/processed_success/224740/224740_sd_image_opp.png,Yes,"The image depicts an unattractive, abandoned home with an open door leading to a scenic landscape, aligning well with the prompt's description."
Woman sitting on ornate bed with red pillows and comforter giving approval.,Data/coco_images_data/processed_success/363947/363947_sd_image.png,Yes,"The image depicts a woman sitting on an ornate bed adorned with red pillows and comforter, and she appears to be giving a positive expression, which aligns with the prompt."
Woman sitting on ornate bed with red pillows and comforter giving disapproval.,Data/coco_images_data/processed_success/363947/363947_sd_image_opp.png,Yes,"The image depicts a woman sitting on an ornate bed adorned with red pillows and a comforter, and her expression conveys disapproval, aligning closely with the prompt."
A pretty young lady holding a smart phone in her left hand.,Data/coco_images_data/processed_success/428925/428925_sd_image.png,Yes,"The image shows a pretty young lady holding a smartphone in her left hand, which perfectly aligns with the given prompt."
A unreasonably young lady holding a smart phone in her left hand.,Data/coco_images_data/processed_success/428925/428925_sd_image_opp.png,Yes,"The image depicts a young lady holding a smartphone in her left hand, which directly aligns with the given prompt."
Friends about to enjoy fresh pizza and coffee at a restaurant,Data/coco_images_data/processed_success/182245/182245_sd_image.png,Yes,"The image depicts a group of friends sitting together, smiling, with pizzas and coffee in front of them, which aligns perfectly with the prompt of enjoying fresh pizza and coffee at a restaurant."
Friends about to suffer fresh pizza and coffee at a restaurant,Data/coco_images_data/processed_success/182245/182245_sd_image_opp.png,Yes,"The image depicts a group of friends enjoying pizza and coffee at a restaurant, which directly aligns with the given prompt."
A beautiful blonde holding a Nintendo Wii controller with another beautiful woman holding another Nintendo Wii controller.,Data/coco_images_data/processed_success/344031/344031_sd_image.png,No,"The image does not show the women holding Nintendo Wii controllers; instead, they appear to be holding a different device, which does not align with the prompt."
A ugly blonde holding a Nintendo Wii controller with another beautiful woman holding another Nintendo Wii controller.,Data/coco_images_data/processed_success/344031/344031_sd_image_opp.png,No,"The image does not align with the prompt as it shows two beautiful women holding controllers, without a depiction of an ""ugly blonde"" as specified in the prompt."
A man taking a bite of a doughnut with great pleasure.,Data/coco_images_data/processed_success/242832/242832_sd_image.png,Yes,"The image depicts a man expressing joy while holding a doughnut, which aligns well with the prompt of taking a bite of a doughnut with great pleasure."
A man taking a bite of a doughnut with great pain.,Data/coco_images_data/processed_success/242832/242832_sd_image_opp.png,Yes,"The image depicts a man taking a bite of a doughnut while expressing a pained facial expression, which aligns with the prompt describing a man experiencing great pain while eating."
"A woman enjoying, what looks like, a delicious and well balanced meal.",Data/coco_images_data/processed_success/332540/332540_sd_image.png,Yes,"The image depicts a woman smiling and enjoying a meal, which includes various balanced food items, aligning well with the prompt."
"A woman suffer, what looks like, a delicious and well balanced meal.",Data/coco_images_data/processed_success/332540/332540_sd_image_opp.png,No,"The image depicts a woman who appears to be distressed or unhappy while looking at a meal, which contradicts the prompt's implication of enjoying a delicious and well-balanced meal."
Statue of brave forefather overlooking great city below,Data/coco_images_data/processed_success/82396/82396_sd_image.png,Yes,"The image depicts a statue of a figure overlooking a city, which aligns with the prompt about a ""brave forefather"" watching over a ""great city below."""
Statue of brave foremother overlooking great city below,Data/coco_images_data/processed_success/82396/82396_sd_image_opp.png,Yes,"The image depicts a statue of a woman overlooking a large cityscape below, which directly aligns with the prompt of a ""brave foremother"" overseeing a ""great city."""
A well dressed magician entertaining some smiling happy people.,Data/coco_images_data/processed_success/345993/345993_sd_image.png,Yes,"The image depicts a well-dressed magician entertaining a group of smiling children, which aligns perfectly with the prompt."
A well dressed magician entertaining some smiling unhappy people.,Data/coco_images_data/processed_success/345993/345993_sd_image_opp.png,No,"The image depicts a magician and a group of individuals, but the people appear to be smiling with exaggerated expressions that suggest happiness rather than being ""smiling unhappy,"" which does not align with the prompt."
Men on beach enjoying bright sunny day in urban area.,Data/coco_images_data/processed_success/69498/69498_sd_image.png,Yes,"The image depicts men walking on a beach in an urban area under a bright, sunny sky, which aligns perfectly with the prompt."
Men on beach suffer bright sunny day in urban area.,Data/coco_images_data/processed_success/69498/69498_sd_image_opp.png,Yes,"The image depicts men on a beach enjoying a sunny day in an urban area, which directly aligns with the prompt."
A pleasant bedroom with the door open to invite the beautiful day inside.,Data/coco_images_data/processed_success/391915/391915_sd_image.png,Yes,"The image depicts a pleasant and inviting bedroom with an open door leading to an outdoor view, aligning well with the prompt's description of inviting the beautiful day inside."
A pleasant bedroom with the door open to invite the ugly day inside.,Data/coco_images_data/processed_success/391915/391915_sd_image_opp.png,Yes,"The image depicts a pleasant bedroom with an open window, allowing light and a glimpse of the outside world, which aligns with the idea of inviting the ""ugly day"" inside."
A beautiful sexy woman laying in bed talking on a cell phone.,Data/coco_images_data/processed_success/282943/282943_sd_image.png,Yes,"The image depicts a woman laying in bed while talking on a phone, which directly aligns with the prompt."
A beautiful unsexy woman laying in bed talking on a cell phone.,Data/coco_images_data/processed_success/282943/282943_sd_image_opp.png,Yes,"The image depicts a woman lying in bed while talking on a cell phone, which aligns with the prompt."
The poor duck is in a severely polluted waterway.,Data/coco_images_data/processed_success/324554/324554_sd_image.png,No,"The image shows a healthy-looking duck in what appears to be clean water, which does not align with the prompt about a poor duck in a severely polluted waterway."
The rich_people duck is in a severely polluted waterway.,Data/coco_images_data/processed_success/324554/324554_sd_image_opp.png,Yes,"The image depicts a duck in a polluted waterway, with visible debris and contamination in the water, which aligns with the given prompt."
A little boy with a super hero shirt on sitting in front of a cake.,Data/coco_images_data/processed_success/329354/329354_sd_image.png,Yes,"The image depicts a little boy wearing a superhero shirt sitting in front of a cake, which directly aligns with the given prompt."
A little boy with a super hero shirt on stand in front of a cake.,Data/coco_images_data/processed_success/329354/329354_sd_image_opp.png,Yes,"The image features a little boy wearing a superhero shirt and standing in front of a cake, which aligns perfectly with the given prompt."
People are enjoying a beautiful day on the beach.,Data/coco_images_data/processed_success/357858/357858_sd_image.png,Yes,"The image shows people enjoying themselves on the beach during a sunny day, which directly aligns with the prompt of people enjoying a beautiful day on the beach."
People are suffer a beautiful day on the beach.,Data/coco_images_data/processed_success/357858/357858_sd_image_opp.png,No,"The image depicts people engaging in activities on the beach, but the phrase ""suffer a beautiful day"" suggests discomfort, which does not align with the scene of enjoyment and relaxation presented in the image."
A man relaxing on his love seat is doodling on his cell phone. ,Data/coco_images_data/processed_success/261298/261298_sd_image.png,Yes,"The image depicts a man sitting on a love seat, focused on his cell phone, which directly aligns with the prompt describing him relaxing and doodling."
A man tense on his love seat is doodling on his cell phone. ,Data/coco_images_data/processed_success/261298/261298_sd_image_opp.png,Yes,"The image depicts a man sitting on a love seat, appearing tense while doodling on his cell phone, which aligns with the provided prompt."
The family is ready to enjoy a nice dinner together.,Data/coco_images_data/processed_success/411561/411561_sd_image.png,Yes,"The image depicts a family gathered around a dinner table, smiling and sharing a meal, which aligns perfectly with the prompt of enjoying a nice dinner together."
The family is unready to enjoy a nice dinner together.,Data/coco_images_data/processed_success/411561/411561_sd_image_opp.png,No,"The image depicts a family seemingly enjoying a meal together, which contrasts with the prompt that states the family is ""unready"" to enjoy dinner."
A happy couple listening to friends at a wine party,Data/coco_images_data/processed_success/541898/541898_sd_image.png,Yes,"The image depicts a happy couple sitting together at a table with wine, suggesting a relaxed atmosphere suitable for a wine party, which aligns with the prompt."
A unhappy couple listening to friends at a wine party,Data/coco_images_data/processed_success/541898/541898_sd_image_opp.png,Yes,"The image depicts an unhappy couple engaged in a conversation while others are present, suggesting they are listening to friends at a wine party, which aligns with the prompt."
A man in a best and top hat standing on a grass field while a baseball game is played.,Data/coco_images_data/processed_success/574977/574977_sd_image.png,Yes,"The image depicts a man in a top hat and suit standing on a grass field while a baseball game is occurring in the background, which aligns with the given prompt."
A man in a best and top hat standing on a grass field while a baseball game differ played.,Data/coco_images_data/processed_success/574977/574977_sd_image_opp.png,Yes,"The image depicts a man in a suit and top hat standing on a grass field, with a baseball game being played in the background, which aligns with the given prompt."
Friends enjoying a casual meal at home together ,Data/coco_images_data/processed_success/142767/142767_sd_image.png,Yes,"The image depicts a group of friends sitting together at a table, enjoying a casual meal, which aligns perfectly with the prompt."
Friends suffer a casual meal at home together ,Data/coco_images_data/processed_success/142767/142767_sd_image_opp.png,Yes,"The image depicts a group of friends enjoying a casual meal together at a dining table, which aligns perfectly with the prompt."
A very happy smiling man in a nice suit.,Data/coco_images_data/processed_success/491999/491999_sd_image.png,Yes,"The image depicts a very happy smiling man wearing a nice suit, which aligns well with the given prompt."
A very happy smiling man in a nasty suit.,Data/coco_images_data/processed_success/491999/491999_sd_image_opp.png,Yes,"The image depicts a very happy, smiling man wearing a vividly colorful suit, which can be interpreted as ""nasty"" due to its unconventional design, aligning with the given prompt."
cute ladies taking photos of a very beautiful tree,Data/coco_images_data/processed_success/26304/26304_sd_image.png,Yes,"The image depicts two ladies taking photos of a tree, which aligns with the prompt of ""cute ladies taking photos of a very beautiful tree."""
cute ladies taking photos of a very ugly tree,Data/coco_images_data/processed_success/26304/26304_sd_image_opp.png,No,"The image depicts a person taking a photo of a tree that does not appear to be very ugly, which does not align with the prompt specifying ""a very ugly tree."""
A few skiers are enjoying the calm snow-trodden mountain tops.,Data/coco_images_data/processed_success/343960/343960_sd_image.png,Yes,"The image depicts a few skiers on snow-covered mountain tops, enjoying a scenic and tranquil environment, which aligns perfectly with the prompt."
A few skiers are suffer the calm snow-trodden mountain tops.,Data/coco_images_data/processed_success/343960/343960_sd_image_opp.png,No,"The image depicts a single skier on a snow-covered mountain, while the prompt mentions ""a few skiers,"" suggesting there should be multiple skiers present."
A man eating a box of doughnuts and sharing a laugh with friends.,Data/coco_images_data/processed_success/384166/384166_sd_image.png,Yes,"The image depicts a man and his friends laughing while enjoying a box of doughnuts, which perfectly aligns with the prompt."
A man eating a box of doughnuts and sharing a cry with friends.,Data/coco_images_data/processed_success/384166/384166_sd_image_opp.png,Yes,"The image depicts a group of friends enjoying doughnuts together, which aligns with the prompt of a man eating a box of doughnuts and sharing a moment with friends."
"A beautiful dinner of authentic pizza with fresh bread, a plate of mozzarella and tomatoes and a lovely red wine.",Data/coco_images_data/processed_success/282981/282981_sd_image.png,Yes,"The image depicts a beautiful dinner setting with authentic pizza, fresh tomatoes, a plate of mozzarella, and a glass of red wine, aligning perfectly with the given prompt."
"A ugly dinner of authentic pizza with fresh bread, a plate of mozzarella and tomatoes and a lovely red wine.",Data/coco_images_data/processed_success/282981/282981_sd_image_opp.png,No,"The image features a pizza that, although authentic, does not appear unappealing as described in the prompt. The presentation of the food looks inviting rather than ""ugly."""
Snowboarder enjoying deep snow on downhill slope on bright sunny day.,Data/coco_images_data/processed_success/6920/6920_sd_image.png,Yes,"The image shows a snowboarder enjoying deep snow on a downhill slope on a bright sunny day, which aligns perfectly with the given prompt."
Snowboarder suffer deep snow on downhill slope on bright sunny day.,Data/coco_images_data/processed_success/6920/6920_sd_image_opp.png,Yes,"The image depicts a snowboarder navigating through deep snow on a downhill slope under a bright sunny day, which aligns well with the prompt."
Some of the girls appear to be happy and one is not so happy.,Data/coco_images_data/processed_success/192858/192858_sd_image.png,Yes,"The image shows a group of girls, with most of them appearing happy while one girl has a more neutral or less happy expression, which aligns with the prompt."
Some of the girls appear to be unhappy and one is not so happy.,Data/coco_images_data/processed_success/192858/192858_sd_image_opp.png,Yes,"The image depicts several girls displaying various expressions of unhappiness, aligning with the prompt that states some appear to be unhappy and one is not so happy."
A foot propped up on an elegant table depicts a person enjoying a grand view.,Data/coco_images_data/processed_success/357933/357933_sd_image.png,No,"The image does not depict a foot propped up on an elegant table; instead, it shows a person sitting in a chair, which does not align with the given prompt."
A foot propped up on an elegant table depicts a person suffer a grand view.,Data/coco_images_data/processed_success/357933/357933_sd_image_opp.png,No,"The image depicts a figure performing an unusual pose on a table, but it does not clearly convey the concept of a foot propped up, nor does it provide the sense of a ""grand view"" as described in the prompt."
The photographer is so happy he is enjoying a drink.,Data/coco_images_data/processed_success/381332/381332_sd_image.png,Yes,"The image depicts a photographer smiling widely while holding a drink, which aligns with the prompt's description of him being happy and enjoying a drink."
The photographer is so unhappy he is enjoying a drink.,Data/coco_images_data/processed_success/381332/381332_sd_image_opp.png,Yes,"The image depicts a man with a serious expression holding a drink, which suggests he is unhappy while enjoying his beverage, aligning with the prompt."
"The birds have beautiful, bright and bold colored feathers.",Data/coco_images_data/processed_success/240590/240590_sd_image.png,Yes,"The image depicts a bird with bright and bold colored feathers, aligning well with the description provided in the prompt."
"The birds have ugly, bright and bold colored feathers.",Data/coco_images_data/processed_success/240590/240590_sd_image_opp.png,Yes,"The image depicts a multitude of birds with bright and bold colored feathers, aligning with the prompt's description of ""ugly, bright and bold colored feathers."""
Smiling friends sharing a casual meal on a cool afternoon,Data/coco_images_data/processed_success/487375/487375_sd_image.png,Yes,"The image shows a group of smiling friends enjoying a casual meal outdoors, which perfectly aligns with the prompt of sharing a meal on a cool afternoon."
Smiling foe sharing a casual meal on a cool afternoon,Data/coco_images_data/processed_success/487375/487375_sd_image_opp.png,Yes,"The image depicts two characters smiling and enjoying a meal together, which aligns with the casual and friendly atmosphere described in the prompt."
A man examining a piece of jewelry with great appreciation.,Data/coco_images_data/processed_success/428161/428161_sd_image.png,Yes,"The image shows a man closely examining jewelry with focused attention, which aligns well with the prompt of appreciating a piece of jewelry."
A man examining a piece of jewelry with great depreciation.,Data/coco_images_data/processed_success/428161/428161_sd_image_opp.png,Yes,"The image shows a man closely examining a piece of jewelry, which reflects a sense of scrutiny and concern, aligning with the prompt of examining jewelry with great depreciation."
A nice warm lap top computer is just what a cat likes for a nap.,Data/coco_images_data/processed_success/376595/376595_sd_image.png,Yes,"The image shows a cat comfortably lying on a laptop computer, which aligns with the prompt about a cat enjoying a warm laptop for a nap."
A nasty warm lap top computer is just what a cat likes for a nap.,Data/coco_images_data/processed_success/376595/376595_sd_image_opp.png,No,"The image does not depict a cat napping on a warm laptop; instead, it shows a cat sitting at a computer desk, which does not align with the prompt."
A man in a wheelchair happily celebrating over something,Data/coco_images_data/processed_success/373936/373936_sd_image.png,Yes,"The image depicts a man in a wheelchair with a joyful expression and raised arms, suggesting celebration, which aligns well with the given prompt."
A man in a wheelchair unhappily celebrating over something,Data/coco_images_data/processed_success/373936/373936_sd_image_opp.png,No,"The image depicts a man in a wheelchair appearing to celebrate with balloons, but his expression suggests distress or unhappiness, which does not fully align with the prompt of ""unhappily celebrating."""
A beautiful woman standing next to another beautiful woman.,Data/coco_images_data/processed_success/242745/242745_sd_image.png,Yes,"The image shows two women standing close together, both displaying beauty, which aligns with the given prompt."
A ugly woman standing next to another beautiful woman.,Data/coco_images_data/processed_success/242745/242745_sd_image_opp.png,No,"The image depicts two women who both appear stylish and attractive, which does not align with the prompt that specifies one as ""ugly"" and the other as ""beautiful."""
A picture of a dirty nasty bathroom stall. ,Data/coco_images_data/processed_success/450634/450634_sd_image.png,Yes,"The image depicts a bathroom stall that appears dirty and neglected, with stains on the walls and debris on the floor, aligning well with the prompt of a ""dirty nasty bathroom stall."""
A picture of a dirty nice bathroom stall. ,Data/coco_images_data/processed_success/450634/450634_sd_image_opp.png,Yes,"The image depicts a bathroom stall that appears dirty, with stains and wear on the tiles and fixtures, which aligns with the prompt describing a ""dirty nice bathroom stall."""
There are several people enjoying the fresh air and sunshine in this field. ,Data/coco_images_data/processed_success/253965/253965_sd_image.png,Yes,"The image depicts several people sitting and enjoying leisure time in a sunny field, which aligns with the prompt of people enjoying fresh air and sunshine."
There are several people suffer the fresh air and sunshine in this field. ,Data/coco_images_data/processed_success/253965/253965_sd_image_opp.png,No,"The image depicts a solitary figure in a field, with no clear indication of joy or discomfort related to fresh air and sunshine, which does not align with the prompt about several people experiencing these elements."
A no bullshit to the left sign and no parking on the right.,Data/coco_images_data/processed_success/325368/325368_sd_image.png,Yes,"The image features a sign that indicates ""No Bullshit to the Left"" and a ""No Parking"" sign, which aligns with the elements described in the prompt."
A yes bullshit to the left sign and no parking on the right.,Data/coco_images_data/processed_success/325368/325368_sd_image_opp.png,Yes,"The image displays a sign that includes ""BULLSHIT"" and ""PARKING,"" which aligns with the prompt mentioning a ""yes bullshit"" to the left sign and ""no parking."""
Adults enjoying fun time aboard sailboat on sunny day.,Data/coco_images_data/processed_success/183237/183237_sd_image.png,Yes,"The image features a group of adults laughing and enjoying themselves aboard a sailboat on a sunny day, which matches the prompt description."
Adults suffer fun time aboard sailboat on sunny day.,Data/coco_images_data/processed_success/183237/183237_sd_image_opp.png,Yes,"The image shows adults aboard a sailboat under a sunny sky, enjoying their time, which aligns with the prompt describing adults having fun on a sailboat on a sunny day."
a stop sign with graffiti depicting the phrase "stop war",Data/coco_images_data/processed_success/97369/97369_sd_image.png,No,"The image features a stop sign with graffiti, but the phrase ""stop war"" is not depicted; instead, the graffiti alters the original text to read ""STP PP,"" which does not align with the prompt."
a stop sign with graffiti depicting the phrase "stop peace",Data/coco_images_data/processed_success/97369/97369_sd_image_opp.png,Yes,"The image depicts a stop sign with graffiti that includes the phrase ""stop peace,"" which aligns with the given prompt."
A very clean kitchen with white cabinets and nice counter tops.,Data/coco_images_data/processed_success/364917/364917_sd_image.png,Yes,"The image depicts a clean kitchen featuring white cabinets and nice countertops, which aligns well with the given prompt."
A very clean kitchen with white cabinets and nasty counter tops.,Data/coco_images_data/processed_success/364917/364917_sd_image_opp.png,No,"The image depicts a very clean kitchen with white cabinets, but the counter tops appear clean and polished, which does not align with the prompt's description of ""nasty"" counter tops."
The comforter looks like it would keep it's owner nice and warm.,Data/coco_images_data/processed_success/360672/360672_sd_image.png,Yes,"The image shows a fluffy and thick comforter, which visually suggests that it would provide warmth and comfort to its owner, aligning with the prompt."
The comforter looks like it would keep it's owner nasty and warm.,Data/coco_images_data/processed_success/360672/360672_sd_image_opp.png,Yes,"The image depicts a plush, thick comforter that appears suitable for providing warmth and comfort, aligning with the prompt's description of keeping its owner warm."
"Bearded man wearing blue teeshirt, holding bunch of non-ripe banannas in hand as well as what appears to be carrot tops on top of the banannas. ",Data/coco_images_data/processed_success/426269/426269_sd_image.png,Yes,"The image features a bearded man wearing a blue t-shirt, holding a bunch of non-ripe bananas, which aligns with the given prompt. However, there are no visible carrot tops on top of the bananas, which is a minor discrepancy."
"Bearded man wearing blue teeshirt, let_go_of bunch of non-ripe banannas in hand as well as what appears to be carrot tops on top of the banannas. ",Data/coco_images_data/processed_success/426269/426269_sd_image_opp.png,No,"The image shows a bearded man wearing a blue t-shirt holding a bunch of ripe bananas, but it does not depict him letting go of the bananas or any carrot tops on top of them as described in the prompt."
The beautiful bedroom is clean and ready to be slept in ,Data/coco_images_data/processed_success/210973/210973_sd_image.png,Yes,"The image depicts a clean and aesthetically pleasing bedroom with a tidy bed, appropriate decor, and a calm atmosphere, aligning well with the prompt of being ready to be slept in."
The ugly bedroom is clean and ready to be slept in ,Data/coco_images_data/processed_success/210973/210973_sd_image_opp.png,No,"The image depicts a bedroom that appears cluttered and disorganized, which does not align with the prompt stating that the ""ugly bedroom is clean and ready to be slept in."""
A beautiful blonde woman kissing the cheek of a child in front of a chalk board.,Data/coco_images_data/processed_success/318168/318168_sd_image.png,Yes,"The image depicts a beautiful blonde woman kissing the cheek of a child in front of a chalkboard, which aligns perfectly with the given prompt."
A ugly blonde woman kissing the cheek of a child in front of a chalk board.,Data/coco_images_data/processed_success/318168/318168_sd_image_opp.png,No,"The image depicts a woman kissing a child, but it does not align with the prompt describing the woman as ""ugly,"" which is a subjective characterization not visually discernible in the image."
A smiling woman feeds brightly colored birds from a cup in her hand.,Data/coco_images_data/processed_success/102834/102834_sd_image.png,Yes,"The image depicts a smiling woman feeding brightly colored birds from a cup in her hand, which aligns perfectly with the given prompt."
A smiling woman starve brightly colored birds from a cup in her hand.,Data/coco_images_data/processed_success/102834/102834_sd_image_opp.png,Yes,"The image depicts a smiling woman holding a cup while surrounded by brightly colored birds, which aligns with the given prompt."
A group of friends enjoying a beer at a party.,Data/coco_images_data/processed_success/453734/453734_sd_image.png,Yes,"The image depicts a group of friends sitting together and enjoying beers, which aligns perfectly with the prompt of friends having a beer at a party."
A group of friends suffer a beer at a party.,Data/coco_images_data/processed_success/453734/453734_sd_image_opp.png,Yes,"The image depicts a group of friends joyfully enjoying drinks at a party, aligning well with the prompt about a group of friends and beer."
Girls out with friends love to take pictures.,Data/coco_images_data/processed_success/212080/212080_sd_image.png,Yes,"The image shows a group of girls smiling and holding a camera, suggesting they are enjoying time with friends and likely taking pictures, which aligns with the prompt."
Girls out with friends hate to take pictures.,Data/coco_images_data/processed_success/212080/212080_sd_image_opp.png,Yes,"The image depicts a group of girls interacting and expressing reluctance or discomfort with taking pictures, which aligns with the prompt about girls out with friends who hate to take pictures."
A broken refrigerator stands open and abandoned in a dirty room.,Data/coco_images_data/processed_success/45663/45663_sd_image.png,Yes,"The image depicts a broken refrigerator standing open in a dirty, abandoned room, which aligns well with the given prompt."
A broken refrigerator stands close and abandoned in a dirty room.,Data/coco_images_data/processed_success/45663/45663_sd_image_opp.png,Yes,"The image depicts a broken refrigerator placed in a dirty room, which clearly aligns with the given prompt."
A woman's left hand holding a tiny pair of scissors with the words "i love miniatures",Data/coco_images_data/processed_success/350878/350878_sd_image.png,Yes,"The image displays a woman's left hand holding a tiny pair of scissors along with the text ""i love miniatures,"" aligning perfectly with the given prompt."
A woman's left hand holding a tiny pair of scissors with the words "i hate miniatures",Data/coco_images_data/processed_success/350878/350878_sd_image_opp.png,No,"The image shows a woman's hands holding a pair of tiny scissors, but it does not include the words ""i hate miniatures,"" which is an essential part of the prompt."
Crisp white bed linens tucked neatly into place creates an inviting space for comfort and sleep.,Data/coco_images_data/processed_success/481725/481725_sd_image.png,Yes,"The image features crisp white bed linens that are neatly arranged, creating a clean and inviting atmosphere suitable for comfort and sleep, which aligns perfectly with the prompt."
Crisp white bed linens tucked neatly into place creates an inviting space for discomfort and sleep.,Data/coco_images_data/processed_success/481725/481725_sd_image_opp.png,Yes,"The image depicts crisp white bed linens neatly arranged, creating an inviting atmosphere that aligns with the prompt about comfort and sleep."
Tape on a green like makes it look like it has a happy face. ,Data/coco_images_data/processed_success/222494/222494_sd_image.png,Yes,"The image features a tape design on a green background that resembles a happy face, which directly aligns with the prompt about tape on a green surface creating a happy expression."
Tape on a green like makes it look like it has a unhappy face. ,Data/coco_images_data/processed_success/222494/222494_sd_image_opp.png,Yes,"The image depicts a green object that has facial features resembling an unhappy face, aligning with the prompt's description of ""tape on a green"" that gives it such an appearance."
He is smiling at his success while playing Nintendo Wii.,Data/coco_images_data/processed_success/351590/351590_sd_image.png,Yes,"The image shows a smiling person holding video game controllers, which aligns with the prompt's mention of success while playing a gaming console."
He is smiling at his failure while playing Nintendo Wii.,Data/coco_images_data/processed_success/351590/351590_sd_image_opp.png,Yes,"The image shows a person smiling while holding a gaming controller, which aligns with the prompt of him smiling while playing Nintendo Wii."
A white vase with flowers that has won an award for best gift.,Data/coco_images_data/processed_success/432851/432851_sd_image.png,Yes,"The image features a white vase filled with flowers, which corresponds directly to the prompt. The presence of gift packaging around the vase suggests that it has the quality of being an award-winning gift."
A white vase with flowers that has won an award for worst gift.,Data/coco_images_data/processed_success/432851/432851_sd_image_opp.png,No,"The image displays a beautiful white vase filled with colorful flowers, which clearly contradicts the prompt indicating that it has won an award for the worst gift, suggesting it should appear unappealing or undesirable."
The woman are in the room sharing a good laugh with each other. ,Data/coco_images_data/processed_success/40957/40957_sd_image.png,Yes,"The image features two women in a room laughing and enjoying each other's company, which directly aligns with the prompt."
The woman are in the room sharing a good cry with each other. ,Data/coco_images_data/processed_success/40957/40957_sd_image_opp.png,No,"The image depicts a single woman with her face covered by her hands, suggesting she is having a personal emotional moment, but does not show multiple women sharing a cry together, as stated in the prompt."
A beautiful young woman whispering in the ear of another beautiful young woman.,Data/coco_images_data/processed_success/174751/174751_sd_image.png,Yes,"The image depicts two young women closely engaged, with one appearing to whisper to the other, aligning well with the prompt."
A ugly young woman whispering in the ear of another beautiful young woman.,Data/coco_images_data/processed_success/174751/174751_sd_image_opp.png,No,"The image does not depict an ""ugly"" young woman whispering in the ear of a ""beautiful"" young woman, and lacks the contrast and action described in the prompt."
Kite enthusiasts enjoy a sunny afternoon in the park,Data/coco_images_data/processed_success/388417/388417_sd_image.png,Yes,"The image showcases people enjoying a sunny afternoon in a park with kites flying in the sky, which directly aligns with the prompt about kite enthusiasts."
Kite enthusiasts suffer a sunny afternoon in the park,Data/coco_images_data/processed_success/388417/388417_sd_image_opp.png,Yes,"The image depicts kites flying in a park with people gathered, reflecting the activities of kite enthusiasts during a sunny afternoon, which aligns with the prompt."
A happy couple gets married on the beautiful beach.,Data/coco_images_data/processed_success/327233/327233_sd_image.png,Yes,"The image depicts a couple getting married on the beach, showcasing a joyful moment that aligns perfectly with the prompt's description of a happy couple getting married in a beautiful setting."
A happy couple leave married on the beautiful beach.,Data/coco_images_data/processed_success/327233/327233_sd_image_opp.png,Yes,"The image depicts a happy couple dressed in wedding attire, joyfully celebrating by the beach, which aligns perfectly with the prompt of a happy couple getting married on a beautiful beach."
An evil villain sitting in front of a laptop computer.,Data/coco_images_data/processed_success/166344/166344_sd_image.png,Yes,"The image depicts an evil villain, characterized by horns and a sinister appearance, sitting in front of a laptop, which perfectly aligns with the given prompt."
An evil villain stand in front of a laptop computer.,Data/coco_images_data/processed_success/166344/166344_sd_image_opp.png,Yes,"The image depicts an evil villain sitting in front of a laptop computer, which directly aligns with the given prompt."
The two friends are enjoying playing the video game.,Data/coco_images_data/processed_success/512458/512458_sd_image.png,Yes,"The image depicts two friends sitting on the floor, holding video game controllers and appearing to enjoy their gaming experience, which directly aligns with the prompt."
The two friends are suffer playing the video game.,Data/coco_images_data/processed_success/512458/512458_sd_image_opp.png,Yes,"The image depicts two friends sitting on a couch, one showing signs of frustration while playing a video game, which aligns well with the prompt about suffering while playing."
Two male friends playing Wii games together happily.,Data/coco_images_data/processed_success/566054/566054_sd_image.png,Yes,"The image depicts two male friends sitting on the floor, enjoying a gaming session together, which aligns with the prompt of friends playing Wii games happily."
Two male friends playing Wii games together unhappily.,Data/coco_images_data/processed_success/566054/566054_sd_image_opp.png,Yes,"The image depicts two male friends playing video games together, and their facial expressions suggest unhappiness, which aligns with the prompt."
Happy man in a suit with bright blue suit and fun tie.,Data/coco_images_data/processed_success/478724/478724_sd_image.png,Yes,"The image depicts a man with a bright blue suit and a visible tie, beaming with happiness, which aligns with the prompt description of a ""happy man in a suit with bright blue suit and fun tie."""
unhappy man in a suit with bright blue suit and fun tie.,Data/coco_images_data/processed_success/478724/478724_sd_image_opp.png,No,"The man in the image is wearing a bright pink suit instead of a bright blue suit, which does not align with the prompt."
A view of an abandoned cat in a field with dead vegetation. ,Data/coco_images_data/processed_success/476276/476276_sd_image.png,Yes,"The image features a cat in a field with dry, dead vegetation, which aligns with the prompt describing an abandoned cat in a similar setting."
A view of an abandoned cat in a field with dead fauna. ,Data/coco_images_data/processed_success/476276/476276_sd_image_opp.png,Yes,"The image depicts a cat in a field with dry, yellowed vegetation, which aligns with the description of an abandoned cat in a field with dead fauna."
A beautifully maintained bedroom with rustic charm features natural wood. ,Data/coco_images_data/processed_success/225693/225693_sd_image.png,Yes,"The image depicts a beautifully maintained bedroom that incorporates natural wood elements, showcasing rustic charm through its wooden walls, furniture, and overall design."
A unattractively maintained bedroom with rustic charm features natural wood. ,Data/coco_images_data/processed_success/225693/225693_sd_image_opp.png,Yes,"The image depicts a bedroom that features natural wood elements and has a rustic charm, aligning with the prompt of an unattractively maintained bedroom with similar characteristics."
A butcher cutting up the corpse of a dead animal.,Data/coco_images_data/processed_success/185201/185201_sd_image.png,Yes,"The image depicts a butcher actively cutting up the corpse of a dead animal, which directly aligns with the given prompt."
A butcher switch_on up the corpse of a dead animal.,Data/coco_images_data/processed_success/185201/185201_sd_image_opp.png,Yes,"The image depicts a butcher working with a dead animal, which directly aligns with the elements outlined in the given prompt."
"A broken, dirty toilet with newspapers lying around it.",Data/coco_images_data/processed_success/256721/256721_sd_image.png,Yes,"The image depicts a broken and dirty toilet surrounded by newspapers, which aligns perfectly with the given prompt."
"A broken, clean toilet with newspapers lying around it.",Data/coco_images_data/processed_success/256721/256721_sd_image_opp.png,Yes,"The image depicts a broken toilet surrounded by newspapers, which matches the elements described in the prompt."
a a couple of towels on a line in a nasty dirty shower stall,Data/coco_images_data/processed_success/362711/362711_sd_image.png,Yes,"The image depicts a couple of towels hanging on a line in a shower stall, which aligns with the given prompt of towels in a dirty shower setting."
a a couple of towels on a line in a nice dirty shower stall,Data/coco_images_data/processed_success/362711/362711_sd_image_opp.png,Yes,"The image depicts a couple of towels hanging on a line in a shower stall that appears somewhat dirty, aligning well with the elements described in the prompt."
Friends laughing at a party while drinking beverages,Data/coco_images_data/processed_success/74335/74335_sd_image.png,Yes,"The image depicts a group of friends laughing and enjoying drinks at a gathering, which directly aligns with the prompt of friends laughing at a party while drinking beverages."
Friends cry at a party while drinking beverages,Data/coco_images_data/processed_success/74335/74335_sd_image_opp.png,No,"The image depicts a group of people at a party enjoying drinks, but there is no visible indication of crying or emotional distress among them, which contradicts the prompt."
A woman is celebrating her win while she holds her snowboard.,Data/coco_images_data/processed_success/285462/285462_sd_image.png,No,"The image shows a woman celebrating her win while holding skis, not a snowboard, which does not align with the given prompt."
A woman is celebrating her win while she let_go_of her snowboard.,Data/coco_images_data/processed_success/285462/285462_sd_image_opp.png,Yes,"The image depicts a woman joyfully celebrating, which aligns with the prompt of celebrating a win, and she is holding a snowboard, indicating she has just let go of it."
A hand tossed pizza is topped with bright healthy vegetables.,Data/coco_images_data/processed_success/300437/300437_sd_image.png,Yes,"The image depicts a hand-tossed pizza topped with a variety of bright and healthy vegetables, which directly aligns with the given prompt."
A hand tossed pizza is topless with bright healthy vegetables.,Data/coco_images_data/processed_success/300437/300437_sd_image_opp.png,No,"The image depicts a pizza topped with various ingredients, including meats, which does not align with the prompt's description of a ""topless"" pizza featuring only bright healthy vegetables."
"A small portable set of burners with a tea kettle are on the counter top of a neat, clean efficiency kitchen.",Data/coco_images_data/processed_success/295889/295889_sd_image.png,Yes,"The image depicts a clean efficiency kitchen with a small portable set of burners and a tea kettle on the countertop, which aligns well with the given prompt."
"A small portable set of burners with a tea kettle are on the counter bottom of a neat, clean efficiency kitchen.",Data/coco_images_data/processed_success/295889/295889_sd_image_opp.png,Yes,"The image depicts a neat and clean efficiency kitchen with a small portable set of burners and multiple tea kettles on the counter, aligning well with the given prompt."
A few people are enjoying the surf on a beautiful day.,Data/coco_images_data/processed_success/117192/117192_sd_image.png,Yes,"The image shows several people enjoying the surf in the ocean on a sunny day, which aligns well with the given prompt."
A few people are suffer the surf on a beautiful day.,Data/coco_images_data/processed_success/117192/117192_sd_image_opp.png,Yes,"The image depicts a person surfing on a wave, which aligns with the prompt mentioning ""suffering the surf"" on a beautiful day at the beach."
a really sad picture of some men with guns sitting next to a dead zebra.,Data/coco_images_data/processed_success/366089/366089_sd_image.png,Yes,"The image depicts men with guns sitting next to a dead zebra, which directly aligns with the given prompt describing a sad scene."
a really glad picture of some men with guns sitting next to a dead zebra.,Data/coco_images_data/processed_success/366089/366089_sd_image_opp.png,Yes,"The image depicts two men with guns sitting next to a dead zebra, which directly aligns with the prompt request."
Happy couple relaxing and enjoying their ski vacation.,Data/coco_images_data/processed_success/161927/161927_sd_image.png,Yes,"The image depicts a happy couple sitting together in a snowy environment, enjoying their ski vacation, which aligns with the prompt."
unhappy couple relaxing and enjoying their ski vacation.,Data/coco_images_data/processed_success/161927/161927_sd_image_opp.png,No,"The image depicts a couple sitting together on a bench, but their body language and expressions indicate dissatisfaction, which does not align with the prompt of them being ""unhappy."""
That living room is neat and clean and beautifully decorated.,Data/coco_images_data/processed_success/216925/216925_sd_image.png,Yes,"The image depicts a living room that appears neat, clean, and beautifully decorated, which aligns well with the given prompt."
That living room is neat and clean and unattractively decorated.,Data/coco_images_data/processed_success/216925/216925_sd_image_opp.png,Yes,"The image depicts a living room that appears neat and clean, fulfilling the prompt's description, although the decoration style is simple and not particularly appealing, aligning with the term ""unattractively decorated."""
Folks enjoying a meal in outdoor setting with a beautiful view,Data/coco_images_data/processed_success/457718/457718_sd_image.png,Yes,"The image depicts a group of people enjoying a meal in an outdoor setting with a beautiful view of a body of water and mountains, which aligns with the given prompt."
Folks suffer a meal in outdoor setting with a beautiful view,Data/coco_images_data/processed_success/457718/457718_sd_image_opp.png,Yes,"The image depicts a group of people enjoying a meal outdoors surrounded by a beautiful view, which aligns perfectly with the prompt."
People at a park enjoying the beautiful scenery.,Data/coco_images_data/processed_success/529667/529667_sd_image.png,Yes,"The image depicts people sitting and enjoying the scenery in a park, surrounded by greenery and flowers, which aligns well with the prompt of people enjoying beautiful scenery."
People at a park suffer the beautiful scenery.,Data/coco_images_data/processed_success/529667/529667_sd_image_opp.png,Yes,"The image depicts several people enjoying a park with beautiful scenery, including colorful trees and a vibrant atmosphere, which aligns with the prompt."
Man giving the peace sign to a lady taking a picture with a smart phone.,Data/coco_images_data/processed_success/446723/446723_sd_image.png,Yes,"The image depicts a man giving the peace sign while a woman is taking a picture with a smartphone, which directly aligns with the given prompt."
Man giving the peace sign to a lady give a picture with a smart phone.,Data/coco_images_data/processed_success/446723/446723_sd_image_opp.png,Yes,"The image shows a man giving the peace sign while holding a smartphone, which directly aligns with the given prompt."
"This  bear is a soft, furry prize children want to win a the summer carnival.",Data/coco_images_data/processed_success/491/491_sd_image.png,Yes,"The image depicts a soft, furry teddy bear that children would desire to win at a carnival, perfectly aligning with the given prompt."
"This  bear is a soft, furry prize children want to losings a the summer carnival.",Data/coco_images_data/processed_success/491/491_sd_image_opp.png,Yes,"The image depicts a soft, furry teddy bear that aligns with the prompt describing it as something children might desire to win at a summer carnival."
"Many people are enjoying life and having a great moment.
",Data/coco_images_data/processed_success/178666/178666_sd_image.png,Yes,"The image depicts a lively crowd of people joyfully celebrating, with raised hands and smiles, which aligns with the prompt of many people enjoying life and having a great moment."
"Many people are suffer life and having a great moment.
",Data/coco_images_data/processed_success/178666/178666_sd_image_opp.png,No,"The image depicts a crowded scene with many faces showing a range of emotions, but it does not clearly convey the theme of people suffering or having a great moment as expressed in the prompt."
A smiling man happily enjoying his laptop computer.,Data/coco_images_data/processed_success/310606/310606_sd_image.png,Yes,"The image depicts a smiling man who appears to be happily engaging with his laptop computer, aligning perfectly with the prompt."
A smiling man happily suffer his laptop computer.,Data/coco_images_data/processed_success/310606/310606_sd_image_opp.png,No,"The prompt suggests that the man is suffering while using his laptop, but the image depicts a smiling man who appears to be enjoying himself, which contradicts the notion of suffering."
Dirty and broken microwave sitting in dirt outside.,Data/coco_images_data/processed_success/541004/541004_sd_image.png,Yes,"The image shows a microwave that is dirty and appears to be broken, sitting in dirt, which aligns with the given prompt."
clean and broken microwave sitting in dirt outside.,Data/coco_images_data/processed_success/541004/541004_sd_image_opp.png,Yes,"The image depicts a microwave sitting in dirt outside, which aligns with the given prompt. However, it does not appear broken, as the prompt suggests; it appears clean."
The group is enjoying a lovely ham dinner at home around the large dinner table.,Data/coco_images_data/processed_success/446136/446136_sd_image.png,Yes,"The image depicts a group of people gathered around a large dinner table enjoying a meal that includes a prominent ham, which aligns with the prompt about enjoying a lovely ham dinner at home."
The group is suffer a lovely ham dinner at home around the large dinner table.,Data/coco_images_data/processed_success/446136/446136_sd_image_opp.png,Yes,"The image shows a large group of people enjoying a meal around a dinner table, with a prominently displayed ham dinner, aligning well with the given prompt."
Bright sunshine making interesting shadows of people with umbrellas,Data/coco_images_data/processed_success/483254/483254_sd_image.png,Yes,"The image depicts a group of people with umbrellas under bright sunshine, creating interesting shadows, which aligns perfectly with the prompt."
Bright sunshine making bore shadows of people with umbrellas,Data/coco_images_data/processed_success/483254/483254_sd_image_opp.png,Yes,"The image depicts shadows of people with umbrellas cast on a surface, suggesting bright sunshine, which aligns well with the given prompt."
A beautiful vase with a vibrant red flower bouquet.,Data/coco_images_data/processed_success/57707/57707_sd_image.png,No,"The image primarily features numerous red flowers and an ornate vase, but it lacks a clear focal point on a single vibrant red flower bouquet as specified in the prompt."
A ugly vase with a vibrant red flower bouquet.,Data/coco_images_data/processed_success/57707/57707_sd_image_opp.png,Yes,"The image depicts a vase that has a visually unappealing design, filled with a vibrant red flower bouquet, which aligns with the given prompt."
A lovely home's entry area is beautifully lit up by the sun.  ,Data/coco_images_data/processed_success/76846/76846_sd_image.png,Yes,"The image depicts a home's entry area that is well-lit by sunlight, aligning perfectly with the prompt about a lovely home's entry area beautifully illuminated by the sun."
A lovely home's entry area is unattractively lit up by the sun.  ,Data/coco_images_data/processed_success/76846/76846_sd_image_opp.png,Yes,"The image depicts a home's entry area illuminated by sunlight, aligning with the prompt's description of the entry area being ""unattractively lit up by the sun."""
This is a beautiful and extremely neat bedroom.,Data/coco_images_data/processed_success/450364/450364_sd_image.png,Yes,"The image depicts a beautiful and extremely neat bedroom, featuring a well-made bed, organized decor, and elegant lighting, which aligns with the prompt."
This is a ugly and extremely neat bedroom.,Data/coco_images_data/processed_success/450364/450364_sd_image_opp.png,No,"The image depicts a visually appealing bedroom with organized decor, which contradicts the prompt's description of an ""ugly"" bedroom."
A television is showing an animal abuse commercial with a sad looking dog.,Data/coco_images_data/processed_success/216014/216014_sd_image.png,Yes,"The image depicts a sad-looking dog in front of a television, which aligns with the prompt about an animal abuse commercial featuring a sad dog."
A television is showing an animal abuse commercial with a glad looking dog.,Data/coco_images_data/processed_success/216014/216014_sd_image_opp.png,No,"The image features a dog sitting in front of a television, but it does not depict a commercial about animal abuse, nor does it show a glad-looking dog as described in the prompt."
Pair of classy men in nice clothing smiling at camera.,Data/coco_images_data/processed_success/496687/496687_sd_image.png,Yes,"The image depicts two well-dressed men smiling at the camera, which directly aligns with the provided prompt."
Pair of classy men in nasty clothing smiling at camera.,Data/coco_images_data/processed_success/496687/496687_sd_image_opp.png,No,"The image depicts two men in elegant attire, which does not align with the prompt describing ""nasty clothing."""
A white furry cat enjoying the great outdoors.,Data/coco_images_data/processed_success/188156/188156_sd_image.png,Yes,"The image depicts a white furry cat in an outdoor setting, which aligns perfectly with the prompt."
A white furry cat suffer the great outdoors.,Data/coco_images_data/processed_success/188156/188156_sd_image_opp.png,Yes,"The image depicts a white furry cat, which aligns with the prompt, and the background suggests an outdoor setting."
A pretty young lady laughing into a smart phone.,Data/coco_images_data/processed_success/224292/224292_sd_image.png,Yes,"The image depicts a young lady laughing while holding a smartphone, which aligns perfectly with the given prompt."
A unreasonably young lady laughing into a smart phone.,Data/coco_images_data/processed_success/224292/224292_sd_image_opp.png,No,"The image shows a young lady laughing into a phone, but it does not depict her using a smartphone as specified in the prompt."
"A lovely room features elegant wooden flooring, a grand piano, ceiling to floor windows, beautiful furnishings and a fireplace.",Data/coco_images_data/processed_success/365624/365624_sd_image.png,Yes,"The image depicts a room with elegant wooden flooring, a grand piano, large windows, and beautiful furnishings, all of which align well with the elements described in the prompt."
"A lovely room features elegant wooden flooring, a grand piano, ceiling to floor windows, ugly furnishings and a fireplace.",Data/coco_images_data/processed_success/365624/365624_sd_image_opp.png,No,"The image features elegant wooden flooring and a grand piano, but the furnishings do not appear ugly, and the design is more sophisticated than the prompt suggests."
There is a beautiful view and a man sits and enjoys it,Data/coco_images_data/processed_success/473957/473957_sd_image.png,Yes,"The image depicts a man sitting and enjoying a beautiful view of a landscape, which aligns perfectly with the given prompt."
There is a beautiful view and a man sits and suffer it,Data/coco_images_data/processed_success/473957/473957_sd_image_opp.png,Yes,"The image depicts a man sitting with a distressed expression, overlooking a beautiful view, which aligns with the prompt of a man sitting and suffering in a beautiful environment."
Some very cute happy looking kids with some pizza.,Data/coco_images_data/processed_success/19957/19957_sd_image.png,Yes,"The image features happy-looking kids holding and enjoying pizza, which directly aligns with the given prompt."
Some very cute unhappy looking kids with some pizza.,Data/coco_images_data/processed_success/19957/19957_sd_image_opp.png,Yes,"The image features several kids who appear unhappy while surrounded by multiple pizzas, which aligns with the prompt of ""cute unhappy looking kids with some pizza."""
A stop sign that has been modified to read " stop all war",Data/coco_images_data/processed_success/363879/363879_sd_image.png,Yes,"The image features a stop sign that has been modified to read ""STOP ALL WAR,"" which directly aligns with the given prompt."
A stop sign that has been unmodified to read " stop all war",Data/coco_images_data/processed_success/363879/363879_sd_image_opp.png,No,"The image shows a traditional stop sign displaying the word ""STOP,"" but it does not reflect the modification to include the phrase ""stop all war"" as specified in the prompt."
Men enjoying sharing food at an American party ,Data/coco_images_data/processed_success/69140/69140_sd_image.png,Yes,"The image depicts a group of men joyfully sharing and enjoying food together, which aligns well with the prompt about men enjoying sharing food at an American party."
Men suffer sharing food at an American party ,Data/coco_images_data/processed_success/69140/69140_sd_image_opp.png,Yes,"The image depicts a group of men at a table filled with food, exhibiting a sense of chaos and excitement, which aligns with the concept of ""suffering"" while sharing food at a party."
Two bushes carved into beauty and the best with a clock in between them.,Data/coco_images_data/processed_success/126090/126090_sd_image.png,No,"The image features two ornate clocks in a decorative style, but it does not depict bushes or any reference to ""Beauty and the Beast,"" which is central to the prompt. The absence of the specified elements means it does not align with the prompt."
Two bushes carved into beauty and the worst with a clock in between them.,Data/coco_images_data/processed_success/126090/126090_sd_image_opp.png,No,"The image depicts two clocks between bushes, but it does not illustrate the concepts of ""beauty and the worst"" as described in the prompt."
A hand that is making the I love you sign.,Data/coco_images_data/processed_success/423412/423412_sd_image.png,No,"The image does not depict a hand making the I love you sign as requested in the prompt; instead, it shows a hand with a heart symbol, which does not align with the specific gesture."
A hand that is making the I hate you sign.,Data/coco_images_data/processed_success/423412/423412_sd_image_opp.png,No,"The image depicts a hand making a peace sign, which does not align with the prompt requesting a hand making the ""I hate you"" sign."
A beautiful sexy woman laying in bed wearing lingerie.,Data/coco_images_data/processed_success/559464/559464_sd_image.png,Yes,"The image depicts a woman in bed wearing lingerie, which directly aligns with the description provided in the prompt."
A ugly sexy woman laying in bed wearing lingerie.,Data/coco_images_data/processed_success/559464/559464_sd_image_opp.png,No,"The image features a woman who appears conventionally attractive and is posed in a sensual manner, which contrasts with the descriptor ""ugly"" in the prompt."
 A jovial older couple and a young woman enjoy a festive restaurant meal.,Data/coco_images_data/processed_success/444010/444010_sd_image.png,Yes,"The image depicts a jovial older couple and a young woman enjoying a festive meal together, which aligns with the given prompt."
 A jovial older couple and a young woman suffer a festive restaurant meal.,Data/coco_images_data/processed_success/444010/444010_sd_image_opp.png,No,"The image depicts an older couple enjoying a meal, but there is no young woman present, which does not align with the given prompt."
A skier is smiling and putting up the peace sign with one hand. ,Data/coco_images_data/processed_success/312252/312252_sd_image.png,No,"The image shows a skier with one hand raised, but they are not putting up a peace sign as described in the prompt."
A skier is smiling and divest up the peace sign with one hand. ,Data/coco_images_data/processed_success/312252/312252_sd_image_opp.png,Yes,"The image shows a skier smiling and holding up the peace sign with one hand, which directly aligns with the given prompt."
Two large elephants appear to be kissing and in love.,Data/coco_images_data/processed_success/30065/30065_sd_image.png,Yes,"The image depicts two large elephants with their trunks intertwined in a way that conveys affection, aligning with the prompt of them appearing to be kissing and in love."
Two large elephants appear to be kissing and in hate.,Data/coco_images_data/processed_success/30065/30065_sd_image_opp.png,No,"The image depicts two elephants that appear to be close or interacting, but there is no representation of them kissing or showing hate, which does not align with the given prompt."
,,253,
