caption,caption_opp,image_path,image_opp_path,classifier_equivalence,classifier_equivalence_opp
Cows relax in a beautiful meadow on a sunny day.,Cows tense in a beautiful meadow on a sunny day.,Data/coco_images_data/processed_success/35478/35478_sd_image.png,Data/coco_images_data/processed_success/35478/35478_sd_image_opp.png,no,no
The two friends are enjoying playing the video game.,The two friends are suffer playing the video game.,Data/coco_images_data/processed_success/452966/452966_sd_image.png,Data/coco_images_data/processed_success/452966/452966_sd_image_opp.png,no,no
A bird enjoys a FREE pizza on top of a newspaper stand,A bird suffer a FREE pizza on top of a newspaper stand,Data/coco_images_data/processed_success/321511/321511_sd_image.png,Data/coco_images_data/processed_success/321511/321511_sd_image_opp.png,no,no
A man playing tennis on a bright and beautiful day.,A man playing tennis on a bright and ugly day.,Data/coco_images_data/processed_success/23121/23121_sd_image.png,Data/coco_images_data/processed_success/23121/23121_sd_image_opp.png,no,no
"Girl wearing sunglasses, dark, shirt and demin capri's playing Frisbee on a beautiful sunny day.","Girl wearing sunglasses, dark, shirt and demin capri's playing Frisbee on a ugly sunny day.",Data/coco_images_data/processed_success/129852/129852_sd_image.png,Data/coco_images_data/processed_success/129852/129852_sd_image_opp.png,no,no
A beautiful young sexy blonde woman laying on a wooden park bench.,A ugly young sexy blonde woman laying on a wooden park bench.,Data/coco_images_data/processed_success/385504/385504_sd_image.png,Data/coco_images_data/processed_success/385504/385504_sd_image_opp.png,no,no
People gathered on the beach enjoying a beautiful sunny day.,People gathered on the beach suffer a beautiful sunny day.,Data/coco_images_data/processed_success/578597/578597_sd_image.png,Data/coco_images_data/processed_success/578597/578597_sd_image_opp.png,no,no
The bathroom has a nice sink and a nice shower with good headlight.,The bathroom has a nasty sink and a nice shower with good headlight.,Data/coco_images_data/processed_success/203040/203040_sd_image.png,Data/coco_images_data/processed_success/203040/203040_sd_image_opp.png,no,no
A beautiful woman with red hair standing next toa  man and another beautiful woman.,A ugly woman with red hair standing next toa  man and another beautiful woman.,Data/coco_images_data/processed_success/479779/479779_sd_image.png,Data/coco_images_data/processed_success/479779/479779_sd_image_opp.png,no,no
A dirty toilet in a dirty bathroom with dirty pipes.,A clean toilet in a dirty bathroom with dirty pipes.,Data/coco_images_data/processed_success/534857/534857_sd_image.png,Data/coco_images_data/processed_success/534857/534857_sd_image_opp.png,no,no
Baseball player in a blue uniform celebrates a good play.,Baseball player in a blue uniform celebrates a evil play.,Data/coco_images_data/processed_success/31332/31332_sd_image.png,Data/coco_images_data/processed_success/31332/31332_sd_image_opp.png,no,no
"A clean, inviting kitchen with white cabinets and tan granite counter tops.","A clean, uninviting kitchen with white cabinets and tan granite counter tops.",Data/coco_images_data/processed_success/496097/496097_sd_image.png,Data/coco_images_data/processed_success/496097/496097_sd_image_opp.png,no,no
cute dog wearing a smiley party hat happily,cute dog wearing a smiley party hat unhappily,Data/coco_images_data/processed_success/163496/163496_sd_image.png,Data/coco_images_data/processed_success/163496/163496_sd_image_opp.png,no,no
Wind surfer on a beautiful day with clear blue sky and clear blue water,Wind surfer on a ugly day with clear blue sky and clear blue water,Data/coco_images_data/processed_success/539702/539702_sd_image.png,Data/coco_images_data/processed_success/539702/539702_sd_image_opp.png,no,no
Two women who love and care for their horses.,Two women who hate and care for their horses.,Data/coco_images_data/processed_success/139932/139932_sd_image.png,Data/coco_images_data/processed_success/139932/139932_sd_image_opp.png,no,no
A happy couple cutting a beautiful cake for a special occasion,A unhappy couple cutting a beautiful cake for a special occasion,Data/coco_images_data/processed_success/463640/463640_sd_image.png,Data/coco_images_data/processed_success/463640/463640_sd_image_opp.png,no,no
Happy friends playing Wii in their living room,unhappy friends playing Wii in their living room,Data/coco_images_data/processed_success/209126/209126_sd_image.png,Data/coco_images_data/processed_success/209126/209126_sd_image_opp.png,no,no
Two horses giving each other a loving nose kiss.,Two horses giving each other a hate nose kiss.,Data/coco_images_data/processed_success/187401/187401_sd_image.png,Data/coco_images_data/processed_success/187401/187401_sd_image_opp.png,no,no
A beautiful woman sitting on top of a couch between another beautiful woman and a man.,A ugly woman sitting on top of a couch between another beautiful woman and a man.,Data/coco_images_data/processed_success/475527/475527_sd_image.png,Data/coco_images_data/processed_success/475527/475527_sd_image_opp.png,no,no
"A man looking into camera and laughing, holding water bottle in one hand and his arm with the other hand, sitting on a bench with plaque printed ""BOB'S BENCH"" outside in tall grass.","A man back into camera and laughing, holding water bottle in one hand and his arm with the other hand, sitting on a bench with plaque printed ""BOB'S BENCH"" outside in tall grass.",Data/coco_images_data/processed_success/476501/476501_sd_image.png,Data/coco_images_data/processed_success/476501/476501_sd_image_opp.png,no,no
A little girl making a funny face as she enjoys a fresh carrot.,A little girl making a funny face as she suffer a fresh carrot.,Data/coco_images_data/processed_success/15600/15600_sd_image.png,Data/coco_images_data/processed_success/15600/15600_sd_image_opp.png,no,no
"a well maintained home, that you can tell if filled with love and care","a well maintained home, that you can tell if filled with hate and care",Data/coco_images_data/processed_success/11172/11172_sd_image.png,Data/coco_images_data/processed_success/11172/11172_sd_image_opp.png,no,no
This girl is happily filling her plate with the healthy and creative food choices served at the buffet in this yard party.,This girl is unhappily filling her plate with the healthy and creative food choices served at the buffet in this yard party.,Data/coco_images_data/processed_success/487228/487228_sd_image.png,Data/coco_images_data/processed_success/487228/487228_sd_image_opp.png,no,no
A horse enjoying a beautiful day on the farm.,A horse suffer a beautiful day on the farm.,Data/coco_images_data/processed_success/458705/458705_sd_image.png,Data/coco_images_data/processed_success/458705/458705_sd_image_opp.png,no,no
The friends are glad that they both love to surf the waves.,The friends are sad that they both love to surf the waves.,Data/coco_images_data/processed_success/474319/474319_sd_image.png,Data/coco_images_data/processed_success/474319/474319_sd_image_opp.png,no,no
Two friends are enjoying themselves playing a Wii console.,Two friends are suffer themselves playing a Wii console.,Data/coco_images_data/processed_success/139141/139141_sd_image.png,Data/coco_images_data/processed_success/139141/139141_sd_image_opp.png,no,no
they look  like a happy evening among friends,they look  like a unhappy evening among friends,Data/coco_images_data/processed_success/332003/332003_sd_image.png,Data/coco_images_data/processed_success/332003/332003_sd_image_opp.png,no,no
A cute dog is enjoying the fresh air while vehicles drive on. ,A cute dog is suffer the fresh air while vehicles drive on. ,Data/coco_images_data/processed_success/178431/178431_sd_image.png,Data/coco_images_data/processed_success/178431/178431_sd_image_opp.png,no,no
A beautiful woman standing next to two men with a beautiful blonde woman behind them.,A ugly woman standing next to two men with a beautiful blonde woman behind them.,Data/coco_images_data/processed_success/295656/295656_sd_image.png,Data/coco_images_data/processed_success/295656/295656_sd_image_opp.png,no,no
These men were very excited about getting in the water and placed the boat so that they would be admired by those interested,These men were very stifle about getting in the water and placed the boat so that they would be admired by those interested,Data/coco_images_data/processed_success/576634/576634_sd_image.png,Data/coco_images_data/processed_success/576634/576634_sd_image_opp.png,no,no
A good time to relax by the pool and enjoy summer.,A good time to relax by the pool and suffer summer.,Data/coco_images_data/processed_success/89884/89884_sd_image.png,Data/coco_images_data/processed_success/89884/89884_sd_image_opp.png,no,no
"The beautiful blonde tennis player swings her racket, highlighting her strong, supple, well-toned muscles.","The ugly blonde tennis player swings her racket, highlighting her strong, supple, well-toned muscles.",Data/coco_images_data/processed_success/162007/162007_sd_image.png,Data/coco_images_data/processed_success/162007/162007_sd_image_opp.png,no,no
A fun game of volleyball on a beautiful day with friends.,A fun game of volleyball on a beautiful night with friends.,Data/coco_images_data/processed_success/30299/30299_sd_image.png,Data/coco_images_data/processed_success/30299/30299_sd_image_opp.png,no,no
A small child standing up in a room with a remote control in one hand and the other hand reaching out.,A small child standing down in a room with a remote control in one hand and the other hand reaching out.,Data/coco_images_data/processed_success/475813/475813_sd_image.png,Data/coco_images_data/processed_success/475813/475813_sd_image_opp.png,no,no
"An bathroom that is dirty and damaged with a broken shower rod, mirror, and toilet and a brown stain all over the shower wall.","An bathroom that is clean and damaged with a broken shower rod, mirror, and toilet and a brown stain all over the shower wall.",Data/coco_images_data/processed_success/274195/274195_sd_image.png,Data/coco_images_data/processed_success/274195/274195_sd_image_opp.png,no,no
A  dirty and nasty looking rest room stuck in a corner.,A  dirty and nice looking rest room stuck in a corner.,Data/coco_images_data/processed_success/57495/57495_sd_image.png,Data/coco_images_data/processed_success/57495/57495_sd_image_opp.png,no,yes
A very happy surfer guy is loving life as he hangs ten on a beautiful wave. ,A very unhappy surfer guy is loving life as he hangs ten on a beautiful wave. ,Data/coco_images_data/processed_success/513852/513852_sd_image.png,Data/coco_images_data/processed_success/513852/513852_sd_image_opp.png,no,no
A rotten looking bathroom with nasty ass toilets.,A rotten looking bathroom with nice ass toilets.,Data/coco_images_data/processed_success/426806/426806_sd_image.png,Data/coco_images_data/processed_success/426806/426806_sd_image_opp.png,no,no
Close up of a big grizzly bear enjoying the warmth from the sunshine ,Close up of a big grizzly bear suffer the warmth from the sunshine ,Data/coco_images_data/processed_success/262756/262756_sd_image.png,Data/coco_images_data/processed_success/262756/262756_sd_image_opp.png,no,no
A beautiful woman smiling at a baby playing with a cake.,A ugly woman smiling at a baby playing with a cake.,Data/coco_images_data/processed_success/274642/274642_sd_image.png,Data/coco_images_data/processed_success/274642/274642_sd_image_opp.png,no,no
"This happy pair is celebrating a specials occasion in the rain, posing under an umbrella.","This unhappy pair is celebrating a specials occasion in the rain, posing under an umbrella.",Data/coco_images_data/processed_success/370669/370669_sd_image.png,Data/coco_images_data/processed_success/370669/370669_sd_image_opp.png,no,yes
"The toilet seat is up, but the bathroom appears pretty clean.","The toilet seat is up, but the bathroom appears pretty dirty.",Data/coco_images_data/processed_success/572399/572399_sd_image.png,Data/coco_images_data/processed_success/572399/572399_sd_image_opp.png,no,no
A dirty nasty toilet that is broken in half.,A dirty nice toilet that is broken in half.,Data/coco_images_data/processed_success/494351/494351_sd_image.png,Data/coco_images_data/processed_success/494351/494351_sd_image_opp.png,no,no
An African Safari is best enjoyed on the top of an elephant.,An African Safari is best suffer on the top of an elephant.,Data/coco_images_data/processed_success/61943/61943_sd_image.png,Data/coco_images_data/processed_success/61943/61943_sd_image_opp.png,no,no
a large vase of beautiful fresh flowers on a beautiful wood piece,a large vase of ugly fresh flowers on a beautiful wood piece,Data/coco_images_data/processed_success/26200/26200_sd_image.png,Data/coco_images_data/processed_success/26200/26200_sd_image_opp.png,no,no
Man's best friend shares his human's lap with the TV remote.,Man's best foe shares his human's lap with the TV remote.,Data/coco_images_data/processed_success/401836/401836_sd_image.png,Data/coco_images_data/processed_success/401836/401836_sd_image_opp.png,no,no
The three friends are enjoying playing video games.,The three friends are suffer playing video games.,Data/coco_images_data/processed_success/107846/107846_sd_image.png,Data/coco_images_data/processed_success/107846/107846_sd_image_opp.png,no,no
Good buddies always give comfort to their best friends.,evil buddies always give comfort to their best friends.,Data/coco_images_data/processed_success/308160/308160_sd_image.png,Data/coco_images_data/processed_success/308160/308160_sd_image_opp.png,no,no
A very happy looking well dressed guy with a nice tie.,A very unhappy looking well dressed guy with a nice tie.,Data/coco_images_data/processed_success/180283/180283_sd_image.png,Data/coco_images_data/processed_success/180283/180283_sd_image_opp.png,no,yes
three people enjoying a laugh standing together happily ,three people enjoying a laugh standing together unhappily ,Data/coco_images_data/processed_success/271343/271343_sd_image.png,Data/coco_images_data/processed_success/271343/271343_sd_image_opp.png,no,yes
Black dog playing happily in the sunny snow,Black dog playing unhappily in the sunny snow,Data/coco_images_data/processed_success/442259/442259_sd_image.png,Data/coco_images_data/processed_success/442259/442259_sd_image_opp.png,no,no
Someone is about to enjoy this yummy pizza.,Someone is about to suffer this yummy pizza.,Data/coco_images_data/processed_success/165706/165706_sd_image.png,Data/coco_images_data/processed_success/165706/165706_sd_image_opp.png,no,no
The four friends are enjoying playing the video game.,The four friends are suffer playing the video game.,Data/coco_images_data/processed_success/495169/495169_sd_image.png,Data/coco_images_data/processed_success/495169/495169_sd_image_opp.png,no,no
Sharing good times and drinks with friends and family.,Sharing evil times and drinks with friends and family.,Data/coco_images_data/processed_success/452178/452178_sd_image.png,Data/coco_images_data/processed_success/452178/452178_sd_image_opp.png,no,no
A sad baby cow looks upon the body of another dead calf,A glad baby cow looks upon the body of another dead calf,Data/coco_images_data/processed_success/364617/364617_sd_image.png,Data/coco_images_data/processed_success/364617/364617_sd_image_opp.png,no,no
"A man sitting ,with great happiness, in front of a meat filled pizza.","A man sitting ,with great unhappiness, in front of a meat filled pizza.",Data/coco_images_data/processed_success/559586/559586_sd_image.png,Data/coco_images_data/processed_success/559586/559586_sd_image_opp.png,no,no
A brown teddy bear lying in the street looking very sad and dirty.,A brown teddy bear lying in the street looking very glad and dirty.,Data/coco_images_data/processed_success/547614/547614_sd_image.png,Data/coco_images_data/processed_success/547614/547614_sd_image_opp.png,no,no
"The gold, silver, and bronze medal winners at the Vancouver Winter Olympics stand atop their respective pedestals.","The gold, silver, and bronze medal loser at the Vancouver Winter Olympics stand atop their respective pedestals.",Data/coco_images_data/processed_success/172925/172925_sd_image.png,Data/coco_images_data/processed_success/172925/172925_sd_image_opp.png,no,no
A young pretty lady dressed in a sexy maids outfit while sitting on a counter top.,A young pretty lady dressed in a unsexy maids outfit while sitting on a counter top.,Data/coco_images_data/processed_success/563935/563935_sd_image.png,Data/coco_images_data/processed_success/563935/563935_sd_image_opp.png,no,no
Two people enjoying a great night at a local pizza shack.,Two people suffer a great night at a local pizza shack.,Data/coco_images_data/processed_success/557746/557746_sd_image.png,Data/coco_images_data/processed_success/557746/557746_sd_image_opp.png,no,no
A woman holding a trophy in her hand and kissing it with a gold medal in the other hand.,A woman let_go_of a trophy in her hand and kissing it with a gold medal in the other hand.,Data/coco_images_data/processed_success/349725/349725_sd_image.png,Data/coco_images_data/processed_success/349725/349725_sd_image_opp.png,no,no
This appears to be a severely injured or even dead steer on the beach. ,This appears to be a severely uninjured or even dead steer on the beach. ,Data/coco_images_data/processed_success/38381/38381_sd_image.png,Data/coco_images_data/processed_success/38381/38381_sd_image_opp.png,no,no
A hand holding a smart phone above a pile of smart phones.,A hand holding a smart phone below a pile of smart phones.,Data/coco_images_data/processed_success/444746/444746_sd_image.png,Data/coco_images_data/processed_success/444746/444746_sd_image_opp.png,no,no
A beautiful home which is left with the door open to beautiful scenery.,A ugly home which is left with the door open to beautiful scenery.,Data/coco_images_data/processed_success/224740/224740_sd_image.png,Data/coco_images_data/processed_success/224740/224740_sd_image_opp.png,no,no
Woman sitting on ornate bed with red pillows and comforter giving approval.,Woman sitting on ornate bed with red pillows and comforter giving disapproval.,Data/coco_images_data/processed_success/363947/363947_sd_image.png,Data/coco_images_data/processed_success/363947/363947_sd_image_opp.png,no,no
A pretty young lady holding a smart phone in her left hand.,A unreasonably young lady holding a smart phone in her left hand.,Data/coco_images_data/processed_success/428925/428925_sd_image.png,Data/coco_images_data/processed_success/428925/428925_sd_image_opp.png,no,no
Friends about to enjoy fresh pizza and coffee at a restaurant,Friends about to suffer fresh pizza and coffee at a restaurant,Data/coco_images_data/processed_success/182245/182245_sd_image.png,Data/coco_images_data/processed_success/182245/182245_sd_image_opp.png,no,no
A beautiful blonde holding a Nintendo Wii controller with another beautiful woman holding another Nintendo Wii controller.,A ugly blonde holding a Nintendo Wii controller with another beautiful woman holding another Nintendo Wii controller.,Data/coco_images_data/processed_success/344031/344031_sd_image.png,Data/coco_images_data/processed_success/344031/344031_sd_image_opp.png,no,no
A man taking a bite of a doughnut with great pleasure.,A man taking a bite of a doughnut with great pain.,Data/coco_images_data/processed_success/242832/242832_sd_image.png,Data/coco_images_data/processed_success/242832/242832_sd_image_opp.png,no,no
"A woman enjoying, what looks like, a delicious and well balanced meal.","A woman suffer, what looks like, a delicious and well balanced meal.",Data/coco_images_data/processed_success/332540/332540_sd_image.png,Data/coco_images_data/processed_success/332540/332540_sd_image_opp.png,no,no
Statue of brave forefather overlooking great city below,Statue of brave foremother overlooking great city below,Data/coco_images_data/processed_success/82396/82396_sd_image.png,Data/coco_images_data/processed_success/82396/82396_sd_image_opp.png,no,no
A well dressed magician entertaining some smiling happy people.,A well dressed magician entertaining some smiling unhappy people.,Data/coco_images_data/processed_success/345993/345993_sd_image.png,Data/coco_images_data/processed_success/345993/345993_sd_image_opp.png,yes,yes
Men on beach enjoying bright sunny day in urban area.,Men on beach suffer bright sunny day in urban area.,Data/coco_images_data/processed_success/69498/69498_sd_image.png,Data/coco_images_data/processed_success/69498/69498_sd_image_opp.png,no,no
A pleasant bedroom with the door open to invite the beautiful day inside.,A pleasant bedroom with the door open to invite the ugly day inside.,Data/coco_images_data/processed_success/391915/391915_sd_image.png,Data/coco_images_data/processed_success/391915/391915_sd_image_opp.png,no,no
A beautiful sexy woman laying in bed talking on a cell phone.,A beautiful unsexy woman laying in bed talking on a cell phone.,Data/coco_images_data/processed_success/282943/282943_sd_image.png,Data/coco_images_data/processed_success/282943/282943_sd_image_opp.png,no,no
The poor duck is in a severely polluted waterway.,The rich_people duck is in a severely polluted waterway.,Data/coco_images_data/processed_success/324554/324554_sd_image.png,Data/coco_images_data/processed_success/324554/324554_sd_image_opp.png,no,no
A little boy with a super hero shirt on sitting in front of a cake.,A little boy with a super hero shirt on stand in front of a cake.,Data/coco_images_data/processed_success/329354/329354_sd_image.png,Data/coco_images_data/processed_success/329354/329354_sd_image_opp.png,no,no
People are enjoying a beautiful day on the beach.,People are suffer a beautiful day on the beach.,Data/coco_images_data/processed_success/357858/357858_sd_image.png,Data/coco_images_data/processed_success/357858/357858_sd_image_opp.png,no,no
A man relaxing on his love seat is doodling on his cell phone. ,A man tense on his love seat is doodling on his cell phone. ,Data/coco_images_data/processed_success/261298/261298_sd_image.png,Data/coco_images_data/processed_success/261298/261298_sd_image_opp.png,no,no
The family is ready to enjoy a nice dinner together.,The family is unready to enjoy a nice dinner together.,Data/coco_images_data/processed_success/411561/411561_sd_image.png,Data/coco_images_data/processed_success/411561/411561_sd_image_opp.png,no,no
A happy couple listening to friends at a wine party,A unhappy couple listening to friends at a wine party,Data/coco_images_data/processed_success/541898/541898_sd_image.png,Data/coco_images_data/processed_success/541898/541898_sd_image_opp.png,no,yes
A man in a best and top hat standing on a grass field while a baseball game is played.,A man in a best and top hat standing on a grass field while a baseball game differ played.,Data/coco_images_data/processed_success/574977/574977_sd_image.png,Data/coco_images_data/processed_success/574977/574977_sd_image_opp.png,no,no
Friends enjoying a casual meal at home together ,Friends suffer a casual meal at home together ,Data/coco_images_data/processed_success/142767/142767_sd_image.png,Data/coco_images_data/processed_success/142767/142767_sd_image_opp.png,no,no
A very happy smiling man in a nice suit.,A very happy smiling man in a nasty suit.,Data/coco_images_data/processed_success/491999/491999_sd_image.png,Data/coco_images_data/processed_success/491999/491999_sd_image_opp.png,no,no
cute ladies taking photos of a very beautiful tree,cute ladies taking photos of a very ugly tree,Data/coco_images_data/processed_success/26304/26304_sd_image.png,Data/coco_images_data/processed_success/26304/26304_sd_image_opp.png,no,no
A few skiers are enjoying the calm snow-trodden mountain tops.,A few skiers are suffer the calm snow-trodden mountain tops.,Data/coco_images_data/processed_success/343960/343960_sd_image.png,Data/coco_images_data/processed_success/343960/343960_sd_image_opp.png,no,no
A man eating a box of doughnuts and sharing a laugh with friends.,A man eating a box of doughnuts and sharing a cry with friends.,Data/coco_images_data/processed_success/384166/384166_sd_image.png,Data/coco_images_data/processed_success/384166/384166_sd_image_opp.png,no,no
"A beautiful dinner of authentic pizza with fresh bread, a plate of mozzarella and tomatoes and a lovely red wine.","A ugly dinner of authentic pizza with fresh bread, a plate of mozzarella and tomatoes and a lovely red wine.",Data/coco_images_data/processed_success/282981/282981_sd_image.png,Data/coco_images_data/processed_success/282981/282981_sd_image_opp.png,no,no
Snowboarder enjoying deep snow on downhill slope on bright sunny day.,Snowboarder suffer deep snow on downhill slope on bright sunny day.,Data/coco_images_data/processed_success/6920/6920_sd_image.png,Data/coco_images_data/processed_success/6920/6920_sd_image_opp.png,no,no
Some of the girls appear to be happy and one is not so happy.,Some of the girls appear to be unhappy and one is not so happy.,Data/coco_images_data/processed_success/192858/192858_sd_image.png,Data/coco_images_data/processed_success/192858/192858_sd_image_opp.png,no,yes
A foot propped up on an elegant table depicts a person enjoying a grand view.,A foot propped up on an elegant table depicts a person suffer a grand view.,Data/coco_images_data/processed_success/357933/357933_sd_image.png,Data/coco_images_data/processed_success/357933/357933_sd_image_opp.png,no,no
The photographer is so happy he is enjoying a drink.,The photographer is so unhappy he is enjoying a drink.,Data/coco_images_data/processed_success/381332/381332_sd_image.png,Data/coco_images_data/processed_success/381332/381332_sd_image_opp.png,no,yes
"The birds have beautiful, bright and bold colored feathers.","The birds have ugly, bright and bold colored feathers.",Data/coco_images_data/processed_success/240590/240590_sd_image.png,Data/coco_images_data/processed_success/240590/240590_sd_image_opp.png,no,no
Smiling friends sharing a casual meal on a cool afternoon,Smiling foe sharing a casual meal on a cool afternoon,Data/coco_images_data/processed_success/487375/487375_sd_image.png,Data/coco_images_data/processed_success/487375/487375_sd_image_opp.png,no,no
A man examining a piece of jewelry with great appreciation.,A man examining a piece of jewelry with great depreciation.,Data/coco_images_data/processed_success/428161/428161_sd_image.png,Data/coco_images_data/processed_success/428161/428161_sd_image_opp.png,no,no
A nice warm lap top computer is just what a cat likes for a nap.,A nasty warm lap top computer is just what a cat likes for a nap.,Data/coco_images_data/processed_success/376595/376595_sd_image.png,Data/coco_images_data/processed_success/376595/376595_sd_image_opp.png,no,no
A man in a wheelchair happily celebrating over something,A man in a wheelchair unhappily celebrating over something,Data/coco_images_data/processed_success/373936/373936_sd_image.png,Data/coco_images_data/processed_success/373936/373936_sd_image_opp.png,no,no
A beautiful woman standing next to another beautiful woman.,A ugly woman standing next to another beautiful woman.,Data/coco_images_data/processed_success/242745/242745_sd_image.png,Data/coco_images_data/processed_success/242745/242745_sd_image_opp.png,no,no
A picture of a dirty nasty bathroom stall. ,A picture of a dirty nice bathroom stall. ,Data/coco_images_data/processed_success/450634/450634_sd_image.png,Data/coco_images_data/processed_success/450634/450634_sd_image_opp.png,no,no
There are several people enjoying the fresh air and sunshine in this field. ,There are several people suffer the fresh air and sunshine in this field. ,Data/coco_images_data/processed_success/253965/253965_sd_image.png,Data/coco_images_data/processed_success/253965/253965_sd_image_opp.png,no,no
A no bullshit to the left sign and no parking on the right.,A yes bullshit to the left sign and no parking on the right.,Data/coco_images_data/processed_success/325368/325368_sd_image.png,Data/coco_images_data/processed_success/325368/325368_sd_image_opp.png,no,no
Adults enjoying fun time aboard sailboat on sunny day.,Adults suffer fun time aboard sailboat on sunny day.,Data/coco_images_data/processed_success/183237/183237_sd_image.png,Data/coco_images_data/processed_success/183237/183237_sd_image_opp.png,no,no
a stop sign with graffiti depicting the phrase "stop war",a stop sign with graffiti depicting the phrase "stop peace",Data/coco_images_data/processed_success/97369/97369_sd_image.png,Data/coco_images_data/processed_success/97369/97369_sd_image_opp.png,no,yes
A very clean kitchen with white cabinets and nice counter tops.,A very clean kitchen with white cabinets and nasty counter tops.,Data/coco_images_data/processed_success/364917/364917_sd_image.png,Data/coco_images_data/processed_success/364917/364917_sd_image_opp.png,no,no
The comforter looks like it would keep it's owner nice and warm.,The comforter looks like it would keep it's owner nasty and warm.,Data/coco_images_data/processed_success/360672/360672_sd_image.png,Data/coco_images_data/processed_success/360672/360672_sd_image_opp.png,no,no
"Bearded man wearing blue teeshirt, holding bunch of non-ripe banannas in hand as well as what appears to be carrot tops on top of the banannas. ","Bearded man wearing blue teeshirt, let_go_of bunch of non-ripe banannas in hand as well as what appears to be carrot tops on top of the banannas. ",Data/coco_images_data/processed_success/426269/426269_sd_image.png,Data/coco_images_data/processed_success/426269/426269_sd_image_opp.png,no,no
The beautiful bedroom is clean and ready to be slept in ,The ugly bedroom is clean and ready to be slept in ,Data/coco_images_data/processed_success/210973/210973_sd_image.png,Data/coco_images_data/processed_success/210973/210973_sd_image_opp.png,no,no
A beautiful blonde woman kissing the cheek of a child in front of a chalk board.,A ugly blonde woman kissing the cheek of a child in front of a chalk board.,Data/coco_images_data/processed_success/318168/318168_sd_image.png,Data/coco_images_data/processed_success/318168/318168_sd_image_opp.png,no,no
A smiling woman feeds brightly colored birds from a cup in her hand.,A smiling woman starve brightly colored birds from a cup in her hand.,Data/coco_images_data/processed_success/102834/102834_sd_image.png,Data/coco_images_data/processed_success/102834/102834_sd_image_opp.png,no,no
A group of friends enjoying a beer at a party.,A group of friends suffer a beer at a party.,Data/coco_images_data/processed_success/453734/453734_sd_image.png,Data/coco_images_data/processed_success/453734/453734_sd_image_opp.png,no,no
Girls out with friends love to take pictures.,Girls out with friends hate to take pictures.,Data/coco_images_data/processed_success/212080/212080_sd_image.png,Data/coco_images_data/processed_success/212080/212080_sd_image_opp.png,no,no
A broken refrigerator stands open and abandoned in a dirty room.,A broken refrigerator stands close and abandoned in a dirty room.,Data/coco_images_data/processed_success/45663/45663_sd_image.png,Data/coco_images_data/processed_success/45663/45663_sd_image_opp.png,no,no
A woman's left hand holding a tiny pair of scissors with the words "i love miniatures",A woman's left hand holding a tiny pair of scissors with the words "i hate miniatures",Data/coco_images_data/processed_success/350878/350878_sd_image.png,Data/coco_images_data/processed_success/350878/350878_sd_image_opp.png,no,no
Crisp white bed linens tucked neatly into place creates an inviting space for comfort and sleep.,Crisp white bed linens tucked neatly into place creates an inviting space for discomfort and sleep.,Data/coco_images_data/processed_success/481725/481725_sd_image.png,Data/coco_images_data/processed_success/481725/481725_sd_image_opp.png,no,no
Tape on a green like makes it look like it has a happy face. ,Tape on a green like makes it look like it has a unhappy face. ,Data/coco_images_data/processed_success/222494/222494_sd_image.png,Data/coco_images_data/processed_success/222494/222494_sd_image_opp.png,no,no
He is smiling at his success while playing Nintendo Wii.,He is smiling at his failure while playing Nintendo Wii.,Data/coco_images_data/processed_success/351590/351590_sd_image.png,Data/coco_images_data/processed_success/351590/351590_sd_image_opp.png,no,no
A white vase with flowers that has won an award for best gift.,A white vase with flowers that has won an award for worst gift.,Data/coco_images_data/processed_success/432851/432851_sd_image.png,Data/coco_images_data/processed_success/432851/432851_sd_image_opp.png,no,no
The woman are in the room sharing a good laugh with each other. ,The woman are in the room sharing a good cry with each other. ,Data/coco_images_data/processed_success/40957/40957_sd_image.png,Data/coco_images_data/processed_success/40957/40957_sd_image_opp.png,no,no
A beautiful young woman whispering in the ear of another beautiful young woman.,A ugly young woman whispering in the ear of another beautiful young woman.,Data/coco_images_data/processed_success/174751/174751_sd_image.png,Data/coco_images_data/processed_success/174751/174751_sd_image_opp.png,no,no
Kite enthusiasts enjoy a sunny afternoon in the park,Kite enthusiasts suffer a sunny afternoon in the park,Data/coco_images_data/processed_success/388417/388417_sd_image.png,Data/coco_images_data/processed_success/388417/388417_sd_image_opp.png,yes,no
A happy couple gets married on the beautiful beach.,A happy couple leave married on the beautiful beach.,Data/coco_images_data/processed_success/327233/327233_sd_image.png,Data/coco_images_data/processed_success/327233/327233_sd_image_opp.png,no,no
An evil villain sitting in front of a laptop computer.,An evil villain stand in front of a laptop computer.,Data/coco_images_data/processed_success/166344/166344_sd_image.png,Data/coco_images_data/processed_success/166344/166344_sd_image_opp.png,no,no
The two friends are enjoying playing the video game.,The two friends are suffer playing the video game.,Data/coco_images_data/processed_success/512458/512458_sd_image.png,Data/coco_images_data/processed_success/512458/512458_sd_image_opp.png,no,no
Two male friends playing Wii games together happily.,Two male friends playing Wii games together unhappily.,Data/coco_images_data/processed_success/566054/566054_sd_image.png,Data/coco_images_data/processed_success/566054/566054_sd_image_opp.png,no,no
Happy man in a suit with bright blue suit and fun tie.,unhappy man in a suit with bright blue suit and fun tie.,Data/coco_images_data/processed_success/478724/478724_sd_image.png,Data/coco_images_data/processed_success/478724/478724_sd_image_opp.png,no,no
A view of an abandoned cat in a field with dead vegetation. ,A view of an abandoned cat in a field with dead fauna. ,Data/coco_images_data/processed_success/476276/476276_sd_image.png,Data/coco_images_data/processed_success/476276/476276_sd_image_opp.png,no,no
A beautifully maintained bedroom with rustic charm features natural wood. ,A unattractively maintained bedroom with rustic charm features natural wood. ,Data/coco_images_data/processed_success/225693/225693_sd_image.png,Data/coco_images_data/processed_success/225693/225693_sd_image_opp.png,no,no
A butcher cutting up the corpse of a dead animal.,A butcher switch_on up the corpse of a dead animal.,Data/coco_images_data/processed_success/185201/185201_sd_image.png,Data/coco_images_data/processed_success/185201/185201_sd_image_opp.png,no,no
"A broken, dirty toilet with newspapers lying around it.","A broken, clean toilet with newspapers lying around it.",Data/coco_images_data/processed_success/256721/256721_sd_image.png,Data/coco_images_data/processed_success/256721/256721_sd_image_opp.png,no,no
a a couple of towels on a line in a nasty dirty shower stall,a a couple of towels on a line in a nice dirty shower stall,Data/coco_images_data/processed_success/362711/362711_sd_image.png,Data/coco_images_data/processed_success/362711/362711_sd_image_opp.png,no,no
Friends laughing at a party while drinking beverages,Friends cry at a party while drinking beverages,Data/coco_images_data/processed_success/74335/74335_sd_image.png,Data/coco_images_data/processed_success/74335/74335_sd_image_opp.png,no,no
A woman is celebrating her win while she holds her snowboard.,A woman is celebrating her win while she let_go_of her snowboard.,Data/coco_images_data/processed_success/285462/285462_sd_image.png,Data/coco_images_data/processed_success/285462/285462_sd_image_opp.png,no,no
A hand tossed pizza is topped with bright healthy vegetables.,A hand tossed pizza is topless with bright healthy vegetables.,Data/coco_images_data/processed_success/300437/300437_sd_image.png,Data/coco_images_data/processed_success/300437/300437_sd_image_opp.png,no,no
"A small portable set of burners with a tea kettle are on the counter top of a neat, clean efficiency kitchen.","A small portable set of burners with a tea kettle are on the counter bottom of a neat, clean efficiency kitchen.",Data/coco_images_data/processed_success/295889/295889_sd_image.png,Data/coco_images_data/processed_success/295889/295889_sd_image_opp.png,no,no
A few people are enjoying the surf on a beautiful day.,A few people are suffer the surf on a beautiful day.,Data/coco_images_data/processed_success/117192/117192_sd_image.png,Data/coco_images_data/processed_success/117192/117192_sd_image_opp.png,no,no
a really sad picture of some men with guns sitting next to a dead zebra.,a really glad picture of some men with guns sitting next to a dead zebra.,Data/coco_images_data/processed_success/366089/366089_sd_image.png,Data/coco_images_data/processed_success/366089/366089_sd_image_opp.png,no,no
Happy couple relaxing and enjoying their ski vacation.,unhappy couple relaxing and enjoying their ski vacation.,Data/coco_images_data/processed_success/161927/161927_sd_image.png,Data/coco_images_data/processed_success/161927/161927_sd_image_opp.png,no,no
That living room is neat and clean and beautifully decorated.,That living room is neat and clean and unattractively decorated.,Data/coco_images_data/processed_success/216925/216925_sd_image.png,Data/coco_images_data/processed_success/216925/216925_sd_image_opp.png,no,no
Folks enjoying a meal in outdoor setting with a beautiful view,Folks suffer a meal in outdoor setting with a beautiful view,Data/coco_images_data/processed_success/457718/457718_sd_image.png,Data/coco_images_data/processed_success/457718/457718_sd_image_opp.png,no,no
People at a park enjoying the beautiful scenery.,People at a park suffer the beautiful scenery.,Data/coco_images_data/processed_success/529667/529667_sd_image.png,Data/coco_images_data/processed_success/529667/529667_sd_image_opp.png,no,no
Man giving the peace sign to a lady taking a picture with a smart phone.,Man giving the peace sign to a lady give a picture with a smart phone.,Data/coco_images_data/processed_success/446723/446723_sd_image.png,Data/coco_images_data/processed_success/446723/446723_sd_image_opp.png,no,no
"This  bear is a soft, furry prize children want to win a the summer carnival.","This  bear is a soft, furry prize children want to losings a the summer carnival.",Data/coco_images_data/processed_success/491/491_sd_image.png,Data/coco_images_data/processed_success/491/491_sd_image_opp.png,no,no
"Many people are enjoying life and having a great moment.
","Many people are suffer life and having a great moment.
",Data/coco_images_data/processed_success/178666/178666_sd_image.png,Data/coco_images_data/processed_success/178666/178666_sd_image_opp.png,no,no
A smiling man happily enjoying his laptop computer.,A smiling man happily suffer his laptop computer.,Data/coco_images_data/processed_success/310606/310606_sd_image.png,Data/coco_images_data/processed_success/310606/310606_sd_image_opp.png,no,no
Dirty and broken microwave sitting in dirt outside.,clean and broken microwave sitting in dirt outside.,Data/coco_images_data/processed_success/541004/541004_sd_image.png,Data/coco_images_data/processed_success/541004/541004_sd_image_opp.png,no,no
The group is enjoying a lovely ham dinner at home around the large dinner table.,The group is suffer a lovely ham dinner at home around the large dinner table.,Data/coco_images_data/processed_success/446136/446136_sd_image.png,Data/coco_images_data/processed_success/446136/446136_sd_image_opp.png,no,no
Bright sunshine making interesting shadows of people with umbrellas,Bright sunshine making bore shadows of people with umbrellas,Data/coco_images_data/processed_success/483254/483254_sd_image.png,Data/coco_images_data/processed_success/483254/483254_sd_image_opp.png,no,yes
A beautiful vase with a vibrant red flower bouquet.,A ugly vase with a vibrant red flower bouquet.,Data/coco_images_data/processed_success/57707/57707_sd_image.png,Data/coco_images_data/processed_success/57707/57707_sd_image_opp.png,no,no
A lovely home's entry area is beautifully lit up by the sun.  ,A lovely home's entry area is unattractively lit up by the sun.  ,Data/coco_images_data/processed_success/76846/76846_sd_image.png,Data/coco_images_data/processed_success/76846/76846_sd_image_opp.png,no,no
This is a beautiful and extremely neat bedroom.,This is a ugly and extremely neat bedroom.,Data/coco_images_data/processed_success/450364/450364_sd_image.png,Data/coco_images_data/processed_success/450364/450364_sd_image_opp.png,no,no
A television is showing an animal abuse commercial with a sad looking dog.,A television is showing an animal abuse commercial with a glad looking dog.,Data/coco_images_data/processed_success/216014/216014_sd_image.png,Data/coco_images_data/processed_success/216014/216014_sd_image_opp.png,no,no
Pair of classy men in nice clothing smiling at camera.,Pair of classy men in nasty clothing smiling at camera.,Data/coco_images_data/processed_success/496687/496687_sd_image.png,Data/coco_images_data/processed_success/496687/496687_sd_image_opp.png,no,no
A white furry cat enjoying the great outdoors.,A white furry cat suffer the great outdoors.,Data/coco_images_data/processed_success/188156/188156_sd_image.png,Data/coco_images_data/processed_success/188156/188156_sd_image_opp.png,no,no
A pretty young lady laughing into a smart phone.,A unreasonably young lady laughing into a smart phone.,Data/coco_images_data/processed_success/224292/224292_sd_image.png,Data/coco_images_data/processed_success/224292/224292_sd_image_opp.png,no,no
"A lovely room features elegant wooden flooring, a grand piano, ceiling to floor windows, beautiful furnishings and a fireplace.","A lovely room features elegant wooden flooring, a grand piano, ceiling to floor windows, ugly furnishings and a fireplace.",Data/coco_images_data/processed_success/365624/365624_sd_image.png,Data/coco_images_data/processed_success/365624/365624_sd_image_opp.png,no,no
There is a beautiful view and a man sits and enjoys it,There is a beautiful view and a man sits and suffer it,Data/coco_images_data/processed_success/473957/473957_sd_image.png,Data/coco_images_data/processed_success/473957/473957_sd_image_opp.png,no,no
Some very cute happy looking kids with some pizza.,Some very cute unhappy looking kids with some pizza.,Data/coco_images_data/processed_success/19957/19957_sd_image.png,Data/coco_images_data/processed_success/19957/19957_sd_image_opp.png,no,no
A stop sign that has been modified to read " stop all war",A stop sign that has been unmodified to read " stop all war",Data/coco_images_data/processed_success/363879/363879_sd_image.png,Data/coco_images_data/processed_success/363879/363879_sd_image_opp.png,no,no
Men enjoying sharing food at an American party ,Men suffer sharing food at an American party ,Data/coco_images_data/processed_success/69140/69140_sd_image.png,Data/coco_images_data/processed_success/69140/69140_sd_image_opp.png,no,no
Two bushes carved into beauty and the best with a clock in between them.,Two bushes carved into beauty and the worst with a clock in between them.,Data/coco_images_data/processed_success/126090/126090_sd_image.png,Data/coco_images_data/processed_success/126090/126090_sd_image_opp.png,no,no
A hand that is making the I love you sign.,A hand that is making the I hate you sign.,Data/coco_images_data/processed_success/423412/423412_sd_image.png,Data/coco_images_data/processed_success/423412/423412_sd_image_opp.png,no,no
A beautiful sexy woman laying in bed wearing lingerie.,A ugly sexy woman laying in bed wearing lingerie.,Data/coco_images_data/processed_success/559464/559464_sd_image.png,Data/coco_images_data/processed_success/559464/559464_sd_image_opp.png,no,no
 A jovial older couple and a young woman enjoy a festive restaurant meal., A jovial older couple and a young woman suffer a festive restaurant meal.,Data/coco_images_data/processed_success/444010/444010_sd_image.png,Data/coco_images_data/processed_success/444010/444010_sd_image_opp.png,no,no
A skier is smiling and putting up the peace sign with one hand. ,A skier is smiling and divest up the peace sign with one hand. ,Data/coco_images_data/processed_success/312252/312252_sd_image.png,Data/coco_images_data/processed_success/312252/312252_sd_image_opp.png,no,no
Two large elephants appear to be kissing and in love.,Two large elephants appear to be kissing and in hate.,Data/coco_images_data/processed_success/30065/30065_sd_image.png,Data/coco_images_data/processed_success/30065/30065_sd_image_opp.png,no,no
,,,,2,10
,,,,1,
